Name,Position,Appearances,Clean sheets,Tackles,Tackle success %,Last man tackles,Blocked shots,Interceptions,Clearances,Headed Clearance,Clearances off line,Recoveries,Duels won,Duels lost,Successful 50/50s,Aerial battles won,Aerial battles lost,Assists,Passes,Passes per match,Big chances created,Crosses,Cross accuracy %,Through balls,Accurate long balls,Yellow cards,Red cards,Fouls,Goals,Headed goals,Goals with right foot,Goals with left foot,Hit woodwork,Goals per match,Penalties scored,Shots,Shots on target,Shooting accuracy %,Saves,Penalties saved,Punches,High Claims,Catches,Sweeper clearances,Throw outs,Goal Kicks,Age,Season,Injury,Date of Injury,Date of return
Richarlison,Forward,30,0.0,40.0,0,0.0,26.0,12.0,33.0,24.0,0.0,0.0,0.0,0.0,0.0,0.0,0.0,5,524,17.47,0.0,38.0,0,0.0,0.0,9,0,36,10,2.0,6.0,2.0,2.0,0.33,3.0,72.0,23.0,32%,0.0,0.0,0.0,0.0,0.0,0.0,0.0,0.0,27.0,2021/22,Calf injury,"Oct 15,2022","Nov 8,2022"
Alexander Isak,Forward,30,0.0,5.0,0,0.0,14.0,6.0,12.0,5.0,0.0,0.0,0.0,0.0,0.0,0.0,0.0,2,474,15.8,0.0,10.0,0,0.0,0.0,1,0,14,21,1.0,19.0,1.0,2.0,0.7,5.0,78.0,43.0,55%,0.0,0.0,0.0,0.0,0.0,0.0,0.0,0.0,24.0,2023/24,Groin injury,30-Jan-24,23-Feb-24
Jonjo Shelvey,Midfielder,26,0.0,29.0,66%,0.0,15.0,23.0,35.0,20.0,0.0,139.0,67.0,78.0,15.0,17.0,13.0,2,"1,044",40.15,7.0,89.0,25%,5.0,143.0,3,0,19,6,1.0,4.0,1.0,2.0,0.23,0.0,45.0,14.0,31%,0.0,0.0,0.0,0.0,0.0,0.0,0.0,0.0,28.0,2019/20,Hamstring injury,22-Sep-19,5-Oct-19
Hjalmar Ekdal,Defender,8,0.0,4.0,50%,0.0,0.0,6.0,21.0,8.0,0.0,26.0,12.0,21.0,2.0,4.0,9.0,0,217,27.13,0.0,0.0,0%,0.0,6.0,2,0,8,0,0.0,0.0,0.0,0.0,0.0,0.0,0.0,0.0,0,0.0,0.0,0.0,0.0,0.0,0.0,0.0,0.0,23.0,2023/24,knee injury,30-Aug-23,18-Nov-23
Dominic Calvert-Lewin,Forward,17,0.0,4.0,0,0.0,6.0,3.0,18.0,15.0,0.0,0.0,0.0,0.0,0.0,0.0,0.0,1,215,12.65,0.0,6.0,0,0.0,0.0,3,0,22,2,0.0,2.0,0.0,1.0,0.12,1.0,31.0,10.0,32%,0.0,0.0,0.0,0.0,0.0,0.0,0.0,0.0,25.0,2022/23,hamstring injury,5-Nov-22,28-Dec-22
Fabian Delph,Midfielder,16,0.0,26.0,46%,0.0,3.0,15.0,16.0,9.0,0.0,94.0,69.0,51.0,21.0,15.0,9.0,0,781,48.81,0.0,8.0,63%,1.0,58.0,3,1,18,0,0.0,0.0,0.0,0.0,0.0,0.0,3.0,0.0,0%,0.0,0.0,0.0,0.0,0.0,0.0,0.0,0.0,28.0,2019/20,muscle injury,6-Oct-19,24-Oct-19
Eric Bailly,Defender,4,0.0,5.0,80%,0.0,0.0,3.0,10.0,5.0,0.0,10.0,11.0,7.0,0.0,6.0,2.0,0,85,21.25,0.0,0.0,0%,0.0,3.0,1,0,2,0,0.0,0.0,0.0,0.0,0.0,0.0,0.0,0.0,0,0.0,0.0,0.0,0.0,0.0,0.0,0.0,0.0,28.0,2021/22,Ankle injury,3-Feb-22,16-Feb-22
Emerson Royal,Defender,31,5.0,72.0,65%,0.0,4.0,22.0,78.0,42.0,0.0,152.0,167.0,136.0,17.0,33.0,42.0,1,"1,136",36.65,0.0,74.0,24%,1.0,18.0,5,0,28,1,0.0,1.0,0.0,0.0,0.0,0.0,0.0,0.0,0,0.0,0.0,0.0,0.0,0.0,0.0,0.0,0.0,22.0,2021/22,Unknown surgery,"Dec 3,2021","Dec 13,2021"
Nathan Redmond,Midfielder,12,0.0,2.0,50%,0.0,0.0,0.0,3.0,3.0,0.0,6.0,9.0,12.0,4.0,1.0,1.0,0,68,5.67,0.0,3.0,33%,0.0,3.0,1,0,4,0,0.0,0.0,0.0,1.0,0.0,0.0,0.0,0.0,0%,0.0,0.0,0.0,0.0,0.0,0.0,0.0,0.0,29.0,2023/24,unknown injur,10-Sep-23,15-Oct-23
Eric Bailly,Defender,4,1.0,0.0,0%,0.0,0.0,4.0,7.0,3.0,0.0,9.0,9.0,3.0,1.0,8.0,0.0,0,78,19.5,0.0,0.0,0%,0.0,4.0,0,0,2,0,0.0,0.0,0.0,0.0,0.0,0.0,0.0,0.0,0,0.0,0.0,0.0,0.0,0.0,0.0,0.0,0.0,26.0,2019/20,Knee surgery,25-Jul-19,10-Jan-20
Axel Tuanzebe,Defender,5,0.0,2.0,100%,0.0,0.0,5.0,4.0,3.0,0.0,15.0,8.0,20.0,0.0,3.0,12.0,0,136,27.2,0.0,1.0,0%,0.0,4.0,0,0,3,0,0.0,0.0,0.0,0.0,0.0,0.0,0.0,0.0,0,0.0,0.0,0.0,0.0,0.0,0.0,0.0,0.0,22.0,2019/20,Hamstring strain,18-Dec-19,5-Mar-20
Sead Kolasinac,Defender,26,3.0,29.0,55%,0.0,1.0,25.0,33.0,26.0,0.0,103.0,88.0,66.0,16.0,28.0,19.0,2,900,34.62,2.0,29.0,21%,0.0,21.0,4,0,20,0,0.0,0.0,0.0,0.0,0.0,0.0,0.0,0.0,0,0.0,0.0,0.0,0.0,0.0,0.0,0.0,0.0,27.0,2019/20,Muscle strain,15-Jan-20,15-Feb-20
Jacob Ramsey,Midfielder,16,0.0,16.0,50%,0.0,4.0,3.0,7.0,2.0,0.0,42.0,41.0,52.0,8.0,5.0,3.0,1,310,19.38,0.0,11.0,18%,3.0,0.0,2,0,7,1,0.0,1.0,0.0,0.0,0.06,0.0,19.0,5.0,26%,0.0,0.0,0.0,0.0,0.0,0.0,0.0,0.0,23.0,2023/24,Hamstring injury,13-Jan-24,29-Jan-24
Eddie Nketiah,Forward,30,0.0,13.0,0,0.0,15.0,1.0,6.0,0.0,0.0,0.0,0.0,0.0,0.0,0.0,0.0,1,250,8.33,0.0,5.0,0,0.0,0.0,3,0,30,4,1.0,3.0,0.0,1.0,0.13,0.0,41.0,14.0,34%,0.0,0.0,0.0,0.0,0.0,0.0,0.0,0.0,24.0,2022/23,Ankle injury,2-Mar-23,13-Apr-23
Dani Ceballos,Midfielder,24,0.0,45.0,51%,0.0,5.0,32.0,11.0,6.0,0.0,153.0,116.0,125.0,27.0,9.0,25.0,2,"1,251",52.13,1.0,70.0,13%,6.0,76.0,1,0,19,0,0.0,0.0,0.0,0.0,0.0,0.0,13.0,3.0,23%,0.0,0.0,0.0,0.0,0.0,0.0,0.0,0.0,23.0,2019/20,Torn muscle bundle,7-Nov-19,31-Dec-19
Ben Mee,Defender,16,1.0,26.0,58%,0.0,4.0,13.0,57.0,34.0,1.0,67.0,67.0,54.0,3.0,35.0,32.0,0,605,37.81,0.0,5.0,60%,0.0,36.0,1,1,7,2,2.0,0.0,0.0,0.0,0.0,0.0,0.0,0.0,0,0.0,0.0,0.0,0.0,0.0,0.0,0.0,0.0,33.0,2023/24,Ankle injury,26-Feb-24,30-Jun-24
Joelinton,Forward,32,0.0,70.0,0,0.0,13.0,48.0,38.0,21.0,0.0,0.0,0.0,0.0,0.0,0.0,0.0,1,"1,230",38.44,0.0,16.0,0,0.0,0.0,12,0,65,6,2.0,1.0,3.0,4.0,0.19,0.0,51.0,20.0,39%,0.0,0.0,0.0,0.0,0.0,0.0,0.0,0.0,26.0,2022/23,Knock,22-May-23,31-May-23
André Gomes,Midfielder,19,0.0,22.0,68%,0.0,0.0,7.0,6.0,4.0,0.0,122.0,83.0,137.0,25.0,17.0,12.0,1,851,44.79,1.0,12.0,25%,3.0,85.0,6,0,38,0,0.0,0.0,0.0,0.0,0.0,0.0,5.0,0.0,0%,0.0,0.0,0.0,0.0,0.0,0.0,0.0,0.0,26.0,2019/20,bruised ribs,2-Sep-19,4-Oct-19
Ben Mee,Defender,16,1.0,26.0,58%,0.0,4.0,13.0,57.0,34.0,1.0,67.0,67.0,54.0,3.0,35.0,32.0,0,605,37.81,0.0,5.0,60%,0.0,36.0,1,1,7,2,2.0,0.0,0.0,0.0,0.0,0.0,0.0,0.0,0,0.0,0.0,0.0,0.0,0.0,0.0,0.0,0.0,33.0,2023/24,Muscle injury,26-Sep-23,20-Oct-23
Josh Dasilva,Midfielder,3,0.0,2.0,50%,0.0,0.0,0.0,0.0,0.0,0.0,2.0,4.0,8.0,2.0,0.0,0.0,0,13,4.33,0.0,6.0,17%,0.0,0.0,0,0,2,0,0.0,0.0,0.0,0.0,0.0,0.0,0.0,0.0,0%,0.0,0.0,0.0,0.0,0.0,0.0,0.0,0.0,23.0,2023/24,Ankle injury,6-Dec-23,30-Mar-24
Matthew Lowton,Defender,17,6.0,41.0,54%,0.0,0.0,27.0,52.0,30.0,0.0,72.0,82.0,47.0,9.0,22.0,14.0,1,551,32.41,2.0,45.0,20%,2.0,41.0,2,0,14,0,0.0,0.0,0.0,0.0,0.0,0.0,0.0,0.0,0,0.0,0.0,0.0,0.0,0.0,0.0,0.0,0.0,31.0,2019/20,ankle and knee injury,28-Jun-20,25-Oct-20
Kieran Tierney,Defender,15,1.0,20.0,80%,0.0,1.0,9.0,30.0,10.0,0.0,60.0,53.0,35.0,12.0,9.0,15.0,1,441,29.4,1.0,44.0,18%,0.0,18.0,2,0,8,1,0.0,0.0,1.0,0.0,0.0,0.0,0.0,0.0,0,0.0,0.0,0.0,0.0,0.0,0.0,0.0,0.0,23.0,2019/20,Knee injury,19-Jan-21,16-Feb-21
Kieran Tierney,Defender,22,9.0,18.0,78%,0.0,5.0,15.0,49.0,23.0,0.0,85.0,55.0,50.0,9.0,12.0,23.0,3,904,41.09,0.0,79.0,20%,0.0,44.0,0,0,5,1,0.0,0.0,1.0,2.0,0.0,0.0,0.0,0.0,0,0.0,0.0,0.0,0.0,0.0,0.0,0.0,0.0,25.0,2021/22,Ankle problems,21-Oct-21,6-Nov-21
Christian Eriksen,Midfielder,11,0.0,13.0,46%,0.0,7.0,9.0,12.0,10.0,0.0,69.0,29.0,37.0,8.0,5.0,6.0,4,544,49.45,0.0,86.0,38%,4.0,60.0,1,0,5,1,0.0,0.0,1.0,0.0,0.09,0.0,22.0,9.0,41%,0.0,0.0,0.0,0.0,0.0,0.0,0.0,0.0,30.0,2021/22,Fitness,31-Jan-22,25-Feb-22
Anwar El Ghazi,Midfielder,34,0.0,20.0,55%,0.0,11.0,13.0,12.0,6.0,0.0,75.0,97.0,151.0,29.0,31.0,57.0,4,479,14.09,4.0,107.0,24%,1.0,15.0,3,0,20,4,0.0,4.0,0.0,2.0,0.12,1.0,52.0,20.0,38%,0.0,0.0,0.0,0.0,0.0,0.0,0.0,0.0,24.0,2019/20,Knee injury,2-Dec-19,7-Dec-19
Gabriel Jesus,Forward,26,0.0,33.0,0,0.0,20.0,11.0,13.0,10.0,0.0,0.0,0.0,0.0,0.0,0.0,0.0,6,674,25.92,0.0,11.0,0,0.0,0.0,6,0,43,11,4.0,4.0,3.0,2.0,0.42,1.0,77.0,32.0,42%,0.0,0.0,0.0,0.0,0.0,0.0,0.0,0.0,26.0,2022/23,Knee injury,2-Dec-22,11-Mar-23
Kortney Hause,Defender,7,0.0,4.0,50%,0.0,0.0,8.0,53.0,28.0,0.0,33.0,46.0,25.0,0.0,39.0,17.0,0,232,33.14,0.0,0.0,0%,0.0,16.0,2,0,5,1,1.0,0.0,0.0,1.0,0.14,0.0,5.0,1.0,20%,0.0,0.0,0.0,0.0,0.0,0.0,0.0,0.0,25.0,2020/21,Ankle injury,3-Jan-21,5-Apr-21
Eric Dier,Midfielder,19,0.0,21.0,57%,0.0,0.0,21.0,61.0,37.0,0.0,59.0,95.0,75.0,4.0,66.0,42.0,2,914,48.11,0.0,3.0,0%,3.0,47.0,5,0,19,0,0.0,0.0,0.0,1.0,0.0,0.0,8.0,1.0,13%,0.0,0.0,0.0,0.0,0.0,0.0,0.0,0.0,25.0,2019/20,Hip injury,"Aug 30,2019","Sep 12,2019"
Phil Bardsley,Defender,21,9.0,49.0,73%,0.0,4.0,30.0,66.0,36.0,1.0,80.0,102.0,77.0,4.0,38.0,26.0,1,658,31.33,3.0,33.0,18%,3.0,49.0,6,0,35,0,0.0,0.0,0.0,0.0,0.0,0.0,0.0,0.0,0,0.0,0.0,0.0,0.0,0.0,0.0,0.0,0.0,34.0,2019/20,knock,5-Dec-19,13-Dec-19
Gabriel Magalhães,Defender,23,6.0,25.0,60%,1.0,5.0,26.0,73.0,42.0,1.0,118.0,113.0,76.0,5.0,57.0,41.0,0,"1,550",67.39,0.0,2.0,50%,1.0,51.0,2,1,23,2,1.0,0.0,0.0,1.0,0.0,0.0,0.0,0.0,0,0.0,0.0,0.0,0.0,0.0,0.0,0.0,0.0,23.0,2020/21,Coronavirus,26-Dec-20,13-Jan-21
Lewis Miley,Midfielder,17,0.0,33.0,64%,0.0,7.0,8.0,16.0,5.0,0.0,78.0,58.0,52.0,8.0,11.0,12.0,3,524,30.82,0.0,11.0,18%,4.0,18.0,1,0,5,1,0.0,1.0,0.0,0.0,0.06,0.0,13.0,3.0,23%,0.0,0.0,0.0,0.0,0.0,0.0,0.0,0.0,18.0,2023/24,ack injury,25-Mar-24,20-May-24
Kieran Tierney,Defender,15,1.0,20.0,80%,0.0,1.0,9.0,30.0,10.0,0.0,60.0,53.0,35.0,12.0,9.0,15.0,1,441,29.4,1.0,44.0,18%,0.0,18.0,2,0,8,1,0.0,0.0,1.0,0.0,0.0,0.0,0.0,0.0,0,0.0,0.0,0.0,0.0,0.0,0.0,0.0,0.0,23.0,2019/20,Shoulder injury,9-Dec-19,14-Mar-20
Tom Heaton,Goalkeeper,20,4.0,0.0,0,0.0,0.0,0.0,0.0,0.0,0.0,0.0,0.0,0.0,0.0,0.0,0.0,0,527,26.35,0.0,0.0,0,0.0,118.0,0,0,1,0,0.0,0.0,0.0,0.0,0.0,0.0,0.0,0.0,0,68.0,0.0,6.0,10.0,7.0,7.0,99.0,195.0,34.0,2019/20,Cruciate ligament injury,1-Jan-20,7-Nov-20
Edinson Cavani,Forward,26,0.0,12.0,0,0.0,7.0,6.0,11.0,8.0,0.0,0.0,0.0,0.0,0.0,0.0,0.0,3,336,12.92,0.0,4.0,0,0.0,0.0,4,0,21,10,6.0,3.0,1.0,0.0,0.38,0.0,34.0,15.0,44%,0.0,0.0,0.0,0.0,0.0,0.0,0.0,0.0,34.0,2020/21,Knock,6-Dec-20,18-Dec-20
Thomas Partey,Midfielder,14,0.0,14.0,79%,0.0,3.0,11.0,8.0,2.0,0.0,56.0,36.0,33.0,9.0,7.0,8.0,0,621,44.36,0.0,2.0,100%,3.0,25.0,3,0,10,0,0.0,0.0,0.0,0.0,0.0,0.0,8.0,2.0,25%,0.0,0.0,0.0,0.0,0.0,0.0,0.0,0.0,31.0,2023/24,Hamstring injury,9-Nov-23,29-Feb-24
Theo Walcott,Forward,25,0.0,13.0,0,0.0,12.0,8.0,1.0,0.0,0.0,0.0,0.0,0.0,0.0,0.0,0.0,3,354,14.16,7.0,42.0,0,0.0,0.0,1,0,9,2,1.0,1.0,0.0,1.0,0.08,0.0,31.0,10.0,32%,0.0,0.0,0.0,0.0,0.0,0.0,0.0,0.0,30.0,2019/20,head injury,9-Sep-19,18-Oct-19
Cenk Tosun,Forward,10,0.0,4.0,0,0.0,3.0,0.0,2.0,2.0,0.0,0.0,0.0,0.0,0.0,0.0,0.0,0,98,9.8,1.0,4.0,0,0.0,0.0,0,0,8,2,2.0,0.0,0.0,0.0,0.2,0.0,15.0,5.0,33%,0.0,0.0,0.0,0.0,0.0,0.0,0.0,0.0,28.0,2019/20,cruciate ligament surgery,2-Mar-20,26-Oct-20
Paul Dummett,Defender,3,0.0,7.0,43%,0.0,0.0,3.0,5.0,4.0,0.0,5.0,15.0,8.0,0.0,5.0,2.0,0,52,17.33,0.0,3.0,0%,0.0,1.0,2,0,3,0,0.0,0.0,0.0,0.0,0.0,0.0,0.0,0.0,0,0.0,0.0,0.0,0.0,0.0,0.0,0.0,0.0,30.0,2021/22,Calf injury,28-Jul-21,1-Jan-22
Matt Doherty,Defender,17,3.0,29.0,52%,0.0,2.0,23.0,36.0,26.0,0.0,57.0,95.0,84.0,5.0,49.0,25.0,2,676,39.76,0.0,31.0,26%,0.0,21.0,2,1,20,0,0.0,0.0,0.0,0.0,0.0,0.0,0.0,0.0,0,0.0,0.0,0.0,0.0,0.0,0.0,0.0,0.0,29.0,2020/21,Unknown injury,"Jan 16,2021","Jan 26,2021"
Shkodran Mustafi,Defender,3,0.0,1.0,100%,0.0,0.0,0.0,3.0,3.0,0.0,3.0,4.0,1.0,0.0,3.0,0.0,0,49,16.33,0.0,0.0,0%,0.0,2.0,0,0,1,0,0.0,0.0,0.0,0.0,0.0,0.0,0.0,0.0,0,0.0,0.0,0.0,0.0,0.0,0.0,0.0,0.0,29.0,2020/21,Muscle injury,19-Jul-20,24-Oct-20
Juan Mata,Midfielder,9,0.0,1.0,0%,0.0,1.0,3.0,3.0,1.0,0.0,25.0,8.0,17.0,2.0,1.0,2.0,2,286,31.78,0.0,13.0,31%,2.0,6.0,0,0,1,1,0.0,0.0,1.0,0.0,0.11,1.0,5.0,4.0,80%,0.0,0.0,0.0,0.0,0.0,0.0,0.0,0.0,32.0,2020/21,Muscle injury,25-Feb-21,3-Apr-21
Pierre-Emerick Aubameyang,Forward,29,0.0,12.0,0,0.0,13.0,7.0,15.0,4.0,0.0,0.0,0.0,0.0,0.0,0.0,0.0,3,624,21.52,0.0,38.0,0,0.0,0.0,2,0,13,10,1.0,8.0,1.0,2.0,0.34,2.0,57.0,22.0,39%,0.0,0.0,0.0,0.0,0.0,0.0,0.0,0.0,32.0,2020/21,malaria,8-Apr-21,26-Apr-21
Jamaal Lascelles,Defender,19,2.0,14.0,50%,1.0,4.0,12.0,84.0,43.0,2.0,65.0,73.0,44.0,4.0,47.0,24.0,0,621,32.68,0.0,3.0,0%,0.0,42.0,4,0,17,2,2.0,0.0,0.0,1.0,0.0,0.0,0.0,0.0,0,0.0,0.0,0.0,0.0,0.0,0.0,0.0,0.0,27.0,2020/21,Foot injury,4-Apr-21,1-Jun-21
Anthony Martial,Forward,21,0.0,5.0,0,0.0,6.0,1.0,4.0,4.0,0.0,0.0,0.0,0.0,0.0,0.0,0.0,2,320,15.24,0.0,4.0,0,0.0,0.0,0,0,8,6,1.0,4.0,1.0,0.0,0.29,1.0,27.0,13.0,48%,0.0,0.0,0.0,0.0,0.0,0.0,0.0,0.0,27.0,2022/23,Hip injury,2-Feb-23,8-Mar-23
Marcus Rashford,Forward,35,0.0,20.0,0,0.0,27.0,7.0,13.0,11.0,0.0,0.0,0.0,0.0,0.0,0.0,0.0,5,779,22.26,0.0,24.0,0,0.0,0.0,2,0,15,17,3.0,11.0,3.0,2.0,0.49,0.0,108.0,50.0,46%,0.0,0.0,0.0,0.0,0.0,0.0,0.0,0.0,24.0,2022/23,Muscle injury,8-Apr-23,19-Apr-23
Oleksandr Zinchenko,Defender,27,2.0,40.0,45%,0.0,8.0,22.0,31.0,24.0,0.0,163.0,117.0,69.0,15.0,51.0,20.0,2,"1,716",63.56,0.0,37.0,19%,6.0,62.0,3,0,6,1,0.0,0.0,1.0,0.0,0.0,0.0,0.0,0.0,0,0.0,0.0,0.0,0.0,0.0,0.0,0.0,0.0,26.0,2022/23,Calf muscle tear,7-May-23,18-Aug-23
Jacob Ramsey,Midfielder,16,0.0,16.0,50%,0.0,4.0,3.0,7.0,2.0,0.0,42.0,41.0,52.0,8.0,5.0,3.0,1,310,19.38,0.0,11.0,18%,3.0,0.0,2,0,7,1,0.0,1.0,0.0,0.0,0.06,0.0,19.0,5.0,26%,0.0,0.0,0.0,0.0,0.0,0.0,0.0,0.0,23.0,2023/24,Metatarsal fracture,2-Jul-23,20-Sep-23
Richarlison,Forward,27,0.0,21.0,0,0.0,5.0,5.0,9.0,3.0,0.0,0.0,0.0,0.0,0.0,0.0,0.0,3,263,9.74,0.0,16.0,0,0.0,0.0,3,0,14,1,1.0,0.0,0.0,2.0,0.04,0.0,27.0,14.0,52%,0.0,0.0,0.0,0.0,0.0,0.0,0.0,0.0,28.0,2022/23,Hamstring injury,"Dec 9,2022","Jan 13,2023"
Joelinton,Forward,20,0.0,39.0,0,0.0,4.0,19.0,10.0,9.0,0.0,0.0,0.0,0.0,0.0,0.0,0.0,1,616,30.8,0.0,2.0,0,0.0,0.0,6,0,28,2,0.0,2.0,0.0,1.0,0.1,0.0,19.0,9.0,47%,0.0,0.0,0.0,0.0,0.0,0.0,0.0,0.0,27.0,2023/24,Hamstring injury,13-Sep-23,15-Oct-23
André Gomes,Midfielder,28,0.0,35.0,66%,0.0,5.0,10.0,10.0,6.0,0.0,126.0,99.0,137.0,31.0,20.0,14.0,1,876,31.29,0.0,23.0,17%,2.0,57.0,3,0,35,0,0.0,0.0,0.0,0.0,0.0,0.0,14.0,3.0,21%,0.0,0.0,0.0,0.0,0.0,0.0,0.0,0.0,27.0,2020/21,bruise,27-Sep-20,16-Oct-20
Lucas Moura,Forward,15,0.0,8.0,0,0.0,2.0,2.0,0.0,0.0,0.0,0.0,0.0,0.0,0.0,0.0,0.0,0,75,5.0,0.0,9.0,0,0.0,0.0,0,1,3,1,0.0,1.0,0.0,0.0,0.07,0.0,4.0,1.0,25%,0.0,0.0,0.0,0.0,0.0,0.0,0.0,0.0,30.0,2022/23,Calf injury,"Aug 29,2022","Oct 10,2022"
Yerry Mina,Defender,29,4.0,39.0,56%,0.0,6.0,28.0,98.0,58.0,0.0,131.0,170.0,97.0,6.0,114.0,70.0,1,"1,361",46.93,2.0,4.0,0%,1.0,108.0,3,0,20,2,1.0,1.0,0.0,0.0,0.0,0.0,0.0,0.0,0,0.0,0.0,0.0,0.0,0.0,0.0,0.0,0.0,25.0,2019/20,muscle injury,2-Jun-20,30-Jun-20
Bukayo Saka,Forward,35,0.0,66.0,0,0.0,44.0,15.0,19.0,6.0,0.0,0.0,0.0,0.0,0.0,0.0,0.0,9,"1,310",37.43,0.0,181.0,0,0.0,0.0,4,0,41,16,1.0,4.0,11.0,3.0,0.46,6.0,108.0,37.0,34%,0.0,0.0,0.0,0.0,0.0,0.0,0.0,0.0,22.0,2023/24,unknown injury,21-Mar-24,6-Apr-24
David Luiz,Defender,20,3.0,12.0,75%,1.0,5.0,16.0,49.0,29.0,0.0,64.0,55.0,31.0,3.0,35.0,14.0,0,998,49.9,0.0,9.0,0%,3.0,71.0,1,1,15,1,1.0,0.0,0.0,1.0,0.0,0.0,0.0,0.0,0,0.0,0.0,0.0,0.0,0.0,0.0,0.0,0.0,33.0,2020/21,Head injury,25-Dec-20,1-Jan-21
Harry Kane,Forward,35,0.0,22.0,0,0.0,28.0,11.0,39.0,35.0,0.0,0.0,0.0,0.0,0.0,0.0,0.0,14,908,25.94,0.0,38.0,0,0.0,0.0,1,0,26,23,4.0,16.0,3.0,9.0,0.66,4.0,137.0,53.0,39%,0.0,0.0,0.0,0.0,0.0,0.0,0.0,0.0,28.0,2020/21,Ankle sprain,"Jan 29,2021","Feb 5,2021"
Gabriel Martinelli,Forward,35,0.0,30.0,80%,0.0,19.0,5.0,7.0,2.0,0.0,95.0,109.0,169.0,40.0,17.0,26.0,4,807,23.06,0.0,109.0,26%,3.0,24.0,1,0,23,6,0.0,5.0,1.0,1.0,0.17,0.0,58.0,22.0,38%,0.0,0.0,0.0,0.0,0.0,0.0,0.0,0.0,23.0,2023/24,Hamstring injury,17-Sep-23,7-Oct-23
Amadou Onana,Midfielder,33,0.0,72.0,60%,0.0,6.0,37.0,37.0,17.0,0.0,150.0,199.0,150.0,18.0,60.0,55.0,2,970,29.39,0.0,5.0,0%,5.0,41.0,9,0,44,1,1.0,0.0,0.0,0.0,0.03,0.0,34.0,6.0,18%,0.0,0.0,0.0,0.0,0.0,0.0,0.0,0.0,21.0,2022/23,leg injury,14-Apr-23,24-Apr-23
Matej Vydra,Forward,28,0.0,9.0,0,0.0,8.0,6.0,5.0,3.0,0.0,0.0,0.0,0.0,0.0,0.0,0.0,2,236,8.43,0.0,3.0,0,0.0,0.0,0,0,6,3,0.0,1.0,2.0,0.0,0.11,0.0,35.0,10.0,29%,0.0,0.0,0.0,0.0,0.0,0.0,0.0,0.0,28.0,2020/21,back injury,18-Dec-20,11-Jan-20
Jamaal Lascelles,Defender,19,2.0,14.0,50%,1.0,4.0,12.0,84.0,43.0,2.0,65.0,73.0,44.0,4.0,47.0,24.0,0,621,32.68,0.0,3.0,0%,0.0,42.0,4,0,17,2,2.0,0.0,0.0,1.0,0.0,0.0,0.0,0.0,0,0.0,0.0,0.0,0.0,0.0,0.0,0.0,0.0,27.0,2020/21,Hamstring strain,31-Jan-21,14-Feb-21
Marcus Rashford,Forward,31,0.0,13.0,0,0.0,18.0,10.0,16.0,9.0,0.0,0.0,0.0,0.0,0.0,0.0,0.0,7,941,30.35,9.0,33.0,0,0.0,0.0,3,0,21,17,1.0,13.0,3.0,6.0,0.55,6.0,95.0,44.0,46%,0.0,0.0,0.0,0.0,0.0,0.0,0.0,0.0,22.0,2019/20,Back injury,16-Jan-20,5-Jun-20
Kieran Tierney,Defender,15,1.0,20.0,80%,0.0,1.0,9.0,30.0,10.0,0.0,60.0,53.0,35.0,12.0,9.0,15.0,1,441,29.4,1.0,44.0,18%,0.0,18.0,2,0,8,1,0.0,0.0,1.0,0.0,0.0,0.0,0.0,0.0,0,0.0,0.0,0.0,0.0,0.0,0.0,0.0,0.0,23.0,2019/20,Groin injury,13-Sep-20,27-Sep-20
Gabriel Jesus,Forward,27,0.0,24.0,0,0.0,16.0,13.0,11.0,9.0,0.0,0.0,0.0,0.0,0.0,0.0,0.0,5,490,18.15,0.0,9.0,0,0.0,0.0,6,0,26,4,2.0,1.0,1.0,2.0,0.15,0.0,55.0,19.0,35%,0.0,0.0,0.0,0.0,0.0,0.0,0.0,0.0,27.0,2023/24,Knee injury,5-Jan-24,18-Jan-24
Eric Bailly,Defender,12,3.0,5.0,100%,0.0,1.0,13.0,36.0,22.0,0.0,73.0,37.0,27.0,4.0,24.0,17.0,0,562,46.83,0.0,0.0,0%,0.0,20.0,3,0,10,0,0.0,0.0,0.0,0.0,0.0,0.0,0.0,0.0,0,0.0,0.0,0.0,0.0,0.0,0.0,0.0,0.0,27.0,2020/21,Muscle injury,18-Oct-20,1-Dec-20
Luke Shaw,Defender,24,7.0,34.0,53%,0.0,4.0,24.0,51.0,30.0,0.0,92.0,96.0,72.0,22.0,30.0,23.0,0,"1,143",47.63,1.0,38.0,24%,1.0,13.0,7,0,23,0,0.0,0.0,0.0,0.0,0.0,0.0,0.0,0.0,0,0.0,0.0,0.0,0.0,0.0,0.0,0.0,0.0,24.0,2019/20,Hamstring injury,24-Aug-19,7-Oct-19
Robbie Brady,Midfielder,19,0.0,22.0,68%,0.0,5.0,9.0,25.0,19.0,0.0,80.0,61.0,78.0,11.0,19.0,21.0,1,351,18.47,0.0,43.0,16%,2.0,24.0,3,0,21,1,0.0,1.0,0.0,0.0,0.05,0.0,16.0,5.0,31%,0.0,0.0,0.0,0.0,0.0,0.0,0.0,0.0,28.0,2020/21,hamstring injury,22-Dec-20,28-Dec-20
Martin Ødegaard,Midfielder,14,0.0,9.0,33%,0.0,9.0,2.0,5.0,0.0,0.0,40.0,33.0,39.0,13.0,3.0,13.0,2,496,35.43,0.0,36.0,28%,2.0,13.0,0,0,1,1,0.0,0.0,1.0,0.0,0.07,0.0,15.0,3.0,20%,0.0,0.0,0.0,0.0,0.0,0.0,0.0,0.0,22.0,2020/21,Ankle injury,5-Apr-21,20-Apr-21
Jonjo Shelvey,Midfielder,11,0.0,3.0,33%,0.0,3.0,5.0,10.0,7.0,0.0,36.0,12.0,24.0,4.0,4.0,1.0,0,314,28.55,0.0,13.0,31%,3.0,39.0,2,0,10,0,0.0,0.0,0.0,0.0,0.0,0.0,6.0,0.0,0%,0.0,0.0,0.0,0.0,0.0,0.0,0.0,0.0,31.0,2022/23,Hamstring injury,26-Jul-22,10-Oct-22
Kevin Schade,Midfielder,11,0.0,3.0,33%,0.0,1.0,1.0,4.0,3.0,0.0,23.0,28.0,44.0,2.0,17.0,14.0,1,88,8.0,0.0,5.0,40%,1.0,0.0,0,0,10,2,0.0,2.0,0.0,1.0,0.18,0.0,8.0,4.0,50%,0.0,0.0,0.0,0.0,0.0,0.0,0.0,0.0,21.0,2023/24,Adductor injury,23-Sep-23,10-Apr-24
Matt Ritchie,Midfielder,18,0.0,22.0,68%,0.0,9.0,14.0,27.0,14.0,0.0,78.0,67.0,67.0,8.0,21.0,19.0,1,526,29.22,4.0,99.0,29%,0.0,23.0,4,0,26,2,0.0,0.0,2.0,1.0,0.11,0.0,26.0,8.0,31%,0.0,0.0,0.0,0.0,0.0,0.0,0.0,0.0,30.0,2019/20,Ankle injury,28-Aug-19,3-Jan-20
Jed Steer,Goalkeeper,1,0.0,0.0,0,0.0,0.0,0.0,0.0,0.0,0.0,0.0,0.0,0.0,0.0,0.0,0.0,0,2,2.0,0.0,0.0,0,0.0,0.0,0,0,0,0,0.0,0.0,0.0,0.0,0.0,0.0,0.0,0.0,0,0.0,0.0,0.0,0.0,0.0,0.0,0.0,1.0,27.0,2019/20,Calf injury,11-Nov-19,15-Jun-20
David Luiz,Defender,20,3.0,12.0,75%,1.0,5.0,16.0,49.0,29.0,0.0,64.0,55.0,31.0,3.0,35.0,14.0,0,998,49.9,0.0,9.0,0%,3.0,71.0,1,1,15,1,1.0,0.0,0.0,1.0,0.0,0.0,0.0,0.0,0,0.0,0.0,0.0,0.0,0.0,0.0,0.0,0.0,33.0,2020/21,Hamstring injury,26-Oct-20,3-Nov-20
Séamus Coleman,Defender,25,5.0,39.0,67%,0.0,5.0,13.0,32.0,17.0,0.0,124.0,85.0,68.0,20.0,9.0,11.0,3,645,25.8,0.0,35.0,29%,0.0,33.0,0,0,12,0,0.0,0.0,0.0,1.0,0.0,0.0,0.0,0.0,0,0.0,0.0,0.0,0.0,0.0,0.0,0.0,0.0,31.0,2020/21,muscle injury,17-Oct-20,18-Dec-20
Javier Manquillo,Defender,13,3.0,24.0,58%,0.0,1.0,9.0,14.0,7.0,0.0,44.0,47.0,37.0,1.0,14.0,10.0,0,290,22.31,0.0,28.0,21%,0.0,10.0,1,0,7,0,0.0,0.0,0.0,0.0,0.0,0.0,0.0,0.0,0,0.0,0.0,0.0,0.0,0.0,0.0,0.0,0.0,27.0,2020/21,Ankle injury,7-Feb-21,10-Mar-21
Edinson Cavani,Forward,15,0.0,4.0,0,0.0,4.0,2.0,5.0,3.0,0.0,0.0,0.0,0.0,0.0,0.0,0.0,1,230,15.33,0.0,2.0,0,0.0,0.0,0,0,7,2,0.0,2.0,0.0,1.0,0.13,0.0,18.0,8.0,44%,0.0,0.0,0.0,0.0,0.0,0.0,0.0,0.0,35.0,2021/22,Tendon irritation,4-Nov-21,22-Dec-21
Tanguy Ndombele,Midfielder,21,0.0,24.0,67%,0.0,3.0,14.0,6.0,1.0,0.0,79.0,97.0,70.0,38.0,7.0,9.0,2,632,30.1,1.0,12.0,17%,4.0,19.0,3,0,14,2,0.0,1.0,1.0,0.0,0.1,0.0,9.0,4.0,44%,0.0,0.0,0.0,0.0,0.0,0.0,0.0,0.0,23.0,2019/20,Groin Strain,"Jan 1,2020","Jan 21,2019"
Ryan Sessegnon,Midfielder,15,3.0,25.0,76%,0.0,2.0,7.0,22.0,10.0,0.0,40.0,49.0,69.0,6.0,11.0,15.0,2,323,21.53,0.0,38.0,21%,0.0,6.0,2,0,19,0,0.0,0.0,0.0,0.0,0.0,0.0,0.0,0.0,0,0.0,0.0,0.0,0.0,0.0,0.0,0.0,0.0,21.0,2021/22,Bruise,"Sep 1,2021","Nov 14,2021"
Matej Vydra,Forward,28,0.0,9.0,0,0.0,8.0,6.0,5.0,3.0,0.0,0.0,0.0,0.0,0.0,0.0,0.0,2,236,8.43,0.0,3.0,0,0.0,0.0,0,0,6,3,0.0,1.0,2.0,0.0,0.11,0.0,35.0,10.0,29%,0.0,0.0,0.0,0.0,0.0,0.0,0.0,0.0,28.0,2020/21,hamstring injury,10-Feb-21,18-Feb-21
Nick Pope,Goalkeeper,15,5.0,0.0,0,0.0,0.0,0.0,0.0,0.0,0.0,0.0,0.0,0.0,0.0,0.0,0.0,0,311,20.73,0.0,0.0,0,0.0,46.0,1,0,0,0,0.0,0.0,0.0,0.0,0.0,0.0,0.0,0.0,0,43.0,0.0,10.0,9.0,2.0,11.0,88.0,95.0,32.0,2023/24,Shoulder injury,2-Dec-23,2-May-24
Theo Walcott,Forward,25,0.0,13.0,0,0.0,12.0,8.0,1.0,0.0,0.0,0.0,0.0,0.0,0.0,0.0,0.0,3,354,14.16,7.0,42.0,0,0.0,0.0,1,0,9,2,1.0,1.0,0.0,1.0,0.08,0.0,31.0,10.0,32%,0.0,0.0,0.0,0.0,0.0,0.0,0.0,0.0,30.0,2019/20,knock,24-Nov-19,4-Dec-19
Thomas Partey,Midfielder,24,0.0,43.0,67%,0.0,14.0,23.0,34.0,11.0,0.0,153.0,118.0,109.0,35.0,24.0,26.0,1,"1,205",50.21,0.0,3.0,0%,9.0,72.0,5,0,33,2,1.0,0.0,0.0,2.0,0.08,0.0,44.0,10.0,23%,0.0,0.0,0.0,0.0,0.0,0.0,0.0,0.0,29.0,2021/22,Knock,4-Apr-22,25-Jul-22
Marcus Rashford,Forward,25,0.0,6.0,0,0.0,5.0,5.0,4.0,3.0,0.0,0.0,0.0,0.0,0.0,0.0,0.0,2,393,15.72,0.0,22.0,0,0.0,0.0,2,0,13,4,0.0,4.0,0.0,0.0,0.16,0.0,22.0,12.0,55%,0.0,0.0,0.0,0.0,0.0,0.0,0.0,0.0,24.0,2021/22,bronchitis,4-May-22,19-May-22
Lucas Digne,Defender,29,7.0,46.0,63%,0.0,7.0,37.0,62.0,36.0,1.0,160.0,129.0,121.0,11.0,49.0,36.0,4,"1,109",38.24,0.0,172.0,24%,1.0,23.0,6,0,33,0,0.0,0.0,0.0,0.0,0.0,0.0,0.0,0.0,0,0.0,0.0,0.0,0.0,0.0,0.0,0.0,0.0,28.0,2021/22,Shoulder injury,9-Apr-22,25-Apr-22
Pau Torres,Defender,29,6.0,29.0,62%,0.0,3.0,14.0,74.0,30.0,2.0,127.0,79.0,76.0,17.0,23.0,22.0,0,"1,770",61.03,0.0,8.0,38%,1.0,85.0,1,0,18,2,1.0,0.0,1.0,0.0,0.0,0.0,0.0,0.0,0,0.0,0.0,0.0,0.0,0.0,0.0,0.0,0.0,27.0,2023/24,unknown injury,18-Dec-23,23-Dec-23
Oleksandr Zinchenko,Defender,27,2.0,40.0,45%,0.0,8.0,22.0,31.0,24.0,0.0,163.0,117.0,69.0,15.0,51.0,20.0,2,"1,716",63.56,0.0,37.0,19%,6.0,62.0,3,0,6,1,0.0,0.0,1.0,0.0,0.0,0.0,0.0,0.0,0,0.0,0.0,0.0,0.0,0.0,0.0,0.0,0.0,26.0,2022/23,Knee problems and Calf injury,26-Aug-22,1-Nov-22
Thomas Partey,Midfielder,14,0.0,14.0,79%,0.0,3.0,11.0,8.0,2.0,0.0,56.0,36.0,33.0,9.0,7.0,8.0,0,621,44.36,0.0,2.0,100%,3.0,25.0,3,0,10,0,0.0,0.0,0.0,0.0,0.0,0.0,8.0,2.0,25%,0.0,0.0,0.0,0.0,0.0,0.0,0.0,0.0,31.0,2023/24,Groin injury,2-Sep-23,3-Oct-23
Jordan Pickford,Goalkeeper,35,7.0,0.0,0,0.0,0.0,0.0,0.0,0.0,0.0,0.0,0.0,0.0,0.0,0.0,0.0,0,"1,021",29.17,0.0,0.0,0,0.0,286.0,2,0,0,0,0.0,0.0,0.0,0.0,0.0,0.0,0.0,0.0,0,117.0,0.0,22.0,19.0,6.0,17.0,119.0,267.0,27.0,2021/22,shoulder injury,13-Sep-21,27-Sep-21
Mohamed Elneny,Midfielder,5,0.0,1.0,100%,0.0,0.0,0.0,0.0,0.0,0.0,10.0,2.0,3.0,0.0,0.0,2.0,0,60,12.0,0.0,0.0,0%,0.0,4.0,0,0,1,0,0.0,0.0,0.0,0.0,0.0,0.0,0.0,0.0,0%,0.0,0.0,0.0,0.0,0.0,0.0,0.0,0.0,30.0,2022/23,Knee injury,14-Jan-23,20-Sep-23
Dan Burn,Defender,33,7.0,61.0,54%,0.0,6.0,37.0,119.0,59.0,3.0,124.0,177.0,126.0,4.0,103.0,49.0,2,"1,500",45.45,0.0,11.0,36%,1.0,25.0,4,0,32,2,1.0,0.0,1.0,0.0,0.0,0.0,0.0,0.0,0,0.0,0.0,0.0,0.0,0.0,0.0,0.0,0.0,32.0,2023/24,Back injury,4-Nov-23,11-Dec-23
Richarlison,Forward,27,0.0,21.0,0,0.0,5.0,5.0,9.0,3.0,0.0,0.0,0.0,0.0,0.0,0.0,0.0,3,263,9.74,0.0,16.0,0,0.0,0.0,3,0,14,1,1.0,0.0,0.0,2.0,0.04,0.0,27.0,14.0,52%,0.0,0.0,0.0,0.0,0.0,0.0,0.0,0.0,28.0,2022/23,Groin Surgery,"Nov 10,2023","Dec 3,2023"
Ezri Konsa,Defender,29,8.0,25.0,60%,0.0,2.0,15.0,82.0,36.0,0.0,105.0,125.0,71.0,6.0,58.0,42.0,0,"1,005",34.66,0.0,1.0,0%,0.0,33.0,4,2,18,2,1.0,1.0,0.0,0.0,0.0,0.0,0.0,0.0,0,0.0,0.0,0.0,0.0,0.0,0.0,0.0,0.0,24.0,2021/22,Knee injury,15-May-22,10-Jul-22
Jamaal Lascelles,Defender,26,2.0,15.0,47%,0.0,4.0,22.0,121.0,69.0,2.0,86.0,109.0,57.0,1.0,89.0,31.0,0,690,26.54,0.0,0.0,0%,0.0,35.0,5,0,17,1,1.0,0.0,0.0,1.0,0.0,0.0,0.0,0.0,0,0.0,0.0,0.0,0.0,0.0,0.0,0.0,0.0,28.0,2021/22,Ill,11-Feb-22,16-Feb-22
Mason Greenwood,Forward,31,0.0,17.0,0,0.0,7.0,6.0,5.0,2.0,0.0,0.0,0.0,0.0,0.0,0.0,0.0,1,495,15.97,1.0,10.0,0,0.0,0.0,0,0,12,10,0.0,2.0,8.0,1.0,0.32,0.0,39.0,20.0,51%,0.0,0.0,0.0,0.0,0.0,0.0,0.0,0.0,18.0,2019/20,Tonsillitis,20-Sep-19,23-Sep-19
Giovani Lo Celso,Midfielder,18,0.0,28.0,79%,0.0,3.0,7.0,5.0,1.0,0.0,60.0,70.0,79.0,8.0,14.0,15.0,1,570,31.67,0.0,31.0,13%,1.0,19.0,5,0,19,1,0.0,0.0,1.0,0.0,0.06,0.0,15.0,6.0,40%,0.0,0.0,0.0,0.0,0.0,0.0,0.0,0.0,24.0,2020/21,Muscle Strain,"Oct 2,2020","Oct 21,2020"
Dele Alli,Midfielder,15,0.0,18.0,61%,0.0,3.0,7.0,3.0,3.0,0.0,50.0,49.0,63.0,11.0,8.0,11.0,1,330,22.0,0.0,10.0,20%,1.0,5.0,0,0,10,0,0.0,0.0,0.0,1.0,0.0,0.0,12.0,4.0,33%,0.0,0.0,0.0,0.0,0.0,0.0,0.0,0.0,25.0,2020/21,Tendon irritation,"Jan 22,2021","Feb 9,2021"
Sean Longstaff,Midfielder,33,0.0,42.0,50%,0.0,15.0,16.0,22.0,16.0,0.0,141.0,112.0,132.0,8.0,24.0,28.0,4,"1,125",34.09,0.0,30.0,27%,7.0,47.0,2,0,29,1,0.0,1.0,0.0,1.0,0.03,0.0,33.0,7.0,21%,0.0,0.0,0.0,0.0,0.0,0.0,0.0,0.0,25.0,2022/23,Outer ligament problems,27-Apr-23,20-May-23
Fabian Delph,Midfielder,11,0.0,18.0,83%,0.0,2.0,14.0,10.0,5.0,0.0,61.0,34.0,27.0,5.0,5.0,4.0,0,306,27.82,0.0,1.0,0%,2.0,28.0,2,0,8,0,0.0,0.0,0.0,0.0,0.0,0.0,2.0,0.0,0%,0.0,0.0,0.0,0.0,0.0,0.0,0.0,0.0,30.0,2021/22,shoulder injury,27-Aug-21,25-Oct-21
Nemanja Matic,Midfielder,23,0.0,31.0,58%,0.0,1.0,31.0,18.0,12.0,0.0,124.0,79.0,84.0,17.0,28.0,17.0,4,"1,039",45.17,0.0,6.0,33%,6.0,51.0,3,0,26,0,0.0,0.0,0.0,0.0,0.0,0.0,6.0,1.0,17%,0.0,0.0,0.0,0.0,0.0,0.0,0.0,0.0,32.0,2021/22,Shin injury,10-Feb-22,18-Feb-22
Ben Mee,Defender,21,6.0,26.0,46%,1.0,3.0,24.0,92.0,51.0,1.0,132.0,105.0,58.0,4.0,68.0,41.0,0,751,35.76,0.0,4.0,25%,0.0,89.0,3,0,9,3,3.0,0.0,0.0,1.0,0.0,0.0,0.0,0.0,0,0.0,0.0,0.0,0.0,0.0,0.0,0.0,0.0,32.0,2021/22,hairline fracture,1-Mar-22,30-Jun-22
Matthew Lowton,Defender,17,6.0,41.0,54%,0.0,0.0,27.0,52.0,30.0,0.0,72.0,82.0,47.0,9.0,22.0,14.0,1,551,32.41,2.0,45.0,20%,2.0,41.0,2,0,14,0,0.0,0.0,0.0,0.0,0.0,0.0,0.0,0.0,0,0.0,0.0,0.0,0.0,0.0,0.0,0.0,0.0,30.0,2019/20,knee injury,3-Feb-20,10-Jun-20
Kieran Tierney,Defender,15,1.0,20.0,80%,0.0,1.0,9.0,30.0,10.0,0.0,60.0,53.0,35.0,12.0,9.0,15.0,1,441,29.4,1.0,44.0,18%,0.0,18.0,2,0,8,1,0.0,0.0,1.0,0.0,0.0,0.0,0.0,0.0,0,0.0,0.0,0.0,0.0,0.0,0.0,0.0,0.0,23.0,2019/20,Knee injury,3-Apr-21,5-May-21
Ryan Fraser,Midfielder,27,0.0,10.0,30%,0.0,8.0,11.0,8.0,5.0,0.0,61.0,40.0,54.0,1.0,5.0,22.0,3,386,14.3,0.0,88.0,38%,1.0,13.0,3,0,10,2,0.0,1.0,1.0,0.0,0.07,0.0,24.0,8.0,33%,0.0,0.0,0.0,0.0,0.0,0.0,0.0,0.0,28.0,2021/22,Hamstring injury,8-Apr-22,9-May-22
Matt Doherty,Defender,15,2.0,18.0,67%,0.0,5.0,13.0,19.0,16.0,0.0,48.0,44.0,34.0,6.0,16.0,8.0,4,452,30.13,0.0,20.0,30%,4.0,14.0,0,0,11,2,1.0,1.0,0.0,0.0,0.0,0.0,0.0,0.0,0,0.0,0.0,0.0,0.0,0.0,0.0,0.0,0.0,29.0,2021/22,Unknown injury,"Oct 13,2021","Oct 26,2021"
Jadon Sancho,Forward,26,0.0,16.0,0,0.0,7.0,7.0,5.0,2.0,0.0,0.0,0.0,0.0,0.0,0.0,0.0,3,749,28.81,0.0,17.0,0,0.0,0.0,0,0,9,6,0.0,5.0,1.0,0.0,0.23,0.0,21.0,11.0,52%,0.0,0.0,0.0,0.0,0.0,0.0,0.0,0.0,20.0,2022/23,depression,26-Dec-22,31-Jan-23
Robbie Brady,Midfielder,19,0.0,22.0,68%,0.0,5.0,9.0,25.0,19.0,0.0,80.0,61.0,78.0,11.0,19.0,21.0,1,351,18.47,0.0,43.0,16%,2.0,24.0,3,0,21,1,0.0,1.0,0.0,0.0,0.05,0.0,16.0,5.0,31%,0.0,0.0,0.0,0.0,0.0,0.0,0.0,0.0,28.0,2020/21,chest injury,21-Sep-20,2-Oct-20
Oleksandr Zinchenko,Defender,27,3.0,50.0,60%,0.0,10.0,20.0,22.0,10.0,1.0,104.0,93.0,60.0,7.0,27.0,16.0,2,"1,411",52.26,0.0,30.0,17%,11.0,53.0,2,0,7,1,0.0,0.0,1.0,0.0,0.0,0.0,0.0,0.0,0,0.0,0.0,0.0,0.0,0.0,0.0,0.0,0.0,27.0,2023/24,Calf problems,30-Dec-23,18-Jan-24
Tom Heaton,Goalkeeper,20,4.0,0.0,0,0.0,0.0,0.0,0.0,0.0,0.0,0.0,0.0,0.0,0.0,0.0,0.0,0,527,26.35,0.0,0.0,0,0.0,118.0,0,0,1,0,0.0,0.0,0.0,0.0,0.0,0.0,0.0,0.0,0,68.0,0.0,6.0,10.0,7.0,7.0,99.0,195.0,34.0,2019/20,Calf strain,10-Nov-19,25-Nov-19
Luke Shaw,Defender,20,3.0,21.0,62%,0.0,1.0,9.0,17.0,9.0,0.0,95.0,64.0,75.0,7.0,20.0,15.0,3,924,46.2,0.0,109.0,27%,3.0,31.0,8,0,32,0,0.0,0.0,0.0,0.0,0.0,0.0,0.0,0.0,0,0.0,0.0,0.0,0.0,0.0,0.0,0.0,0.0,26.0,2021/22,Leg injury,2-Apr-22,13-May-22
Harry Maguire,Defender,34,13.0,29.0,59%,0.0,9.0,60.0,122.0,86.0,0.0,199.0,203.0,105.0,8.0,135.0,43.0,1,"2,227",65.5,0.0,3.0,33%,0.0,152.0,11,0,40,2,2.0,0.0,0.0,1.0,0.0,0.0,0.0,0.0,0,0.0,0.0,0.0,0.0,0.0,0.0,0.0,0.0,27.0,2020/21,Ankle injury,9-May-21,13-Jun-21
Diego Carlos,Defender,27,5.0,27.0,59%,2.0,2.0,13.0,78.0,35.0,1.0,78.0,54.0,66.0,2.0,22.0,28.0,0,"1,339",49.59,0.0,1.0,0%,0.0,66.0,4,0,26,0,0.0,0.0,0.0,0.0,0.0,0.0,0.0,0.0,0,0.0,0.0,0.0,0.0,0.0,0.0,0.0,0.0,31.0,2023/24,Hamstring injury,14-Feb-24,5-Mar-24
Eric Bailly,Defender,12,3.0,5.0,100%,0.0,1.0,13.0,36.0,22.0,0.0,73.0,37.0,27.0,4.0,24.0,17.0,0,562,46.83,0.0,0.0,0%,0.0,20.0,3,0,10,0,0.0,0.0,0.0,0.0,0.0,0.0,0.0,0.0,0,0.0,0.0,0.0,0.0,0.0,0.0,0.0,0.0,27.0,2020/21,Knock,21-Jan-21,25-Mar-21
Morgan Rogers,Forward,11,0.0,8.0,0,0.0,3.0,3.0,8.0,6.0,0.0,0.0,0.0,0.0,0.0,0.0,0.0,1,188,17.09,0.0,2.0,0,0.0,0.0,3,0,12,3,0.0,2.0,1.0,0.0,0.27,0.0,11.0,5.0,45%,0.0,0.0,0.0,0.0,0.0,0.0,0.0,0.0,21.0,2023/24,Hamstring injury,6-May-24,1-Jun-24
Eric Bailly,Defender,12,3.0,5.0,100%,0.0,1.0,13.0,36.0,22.0,0.0,73.0,37.0,27.0,4.0,24.0,17.0,0,562,46.83,0.0,0.0,0%,0.0,20.0,3,0,10,0,0.0,0.0,0.0,0.0,0.0,0.0,0.0,0.0,0,0.0,0.0,0.0,0.0,0.0,0.0,0.0,0.0,27.0,2020/21,Coronavirus,31-Mar-21,20-Apr-21
Morgan Sanson,Midfielder,10,0.0,12.0,67%,0.0,0.0,10.0,2.0,1.0,0.0,33.0,41.0,26.0,13.0,3.0,6.0,0,153,15.3,0.0,8.0,25%,3.0,3.0,0,0,3,0,0.0,0.0,0.0,0.0,0.0,0.0,1.0,0.0,0%,0.0,0.0,0.0,0.0,0.0,0.0,0.0,0.0,27.0,2021/22,Ill,30-Oct-21,6-Nov-21
Yerry Mina,Defender,13,2.0,12.0,83%,0.0,0.0,11.0,37.0,29.0,1.0,45.0,51.0,25.0,0.0,30.0,16.0,0,356,27.38,0.0,3.0,33%,0.0,22.0,3,0,5,0,0.0,0.0,0.0,0.0,0.0,0.0,0.0,0.0,0,0.0,0.0,0.0,0.0,0.0,0.0,0.0,0.0,27.0,2021/22,thigh problems,22-Oct-21,30-Nov-21
Aaron Wan-Bissaka,Defender,35,11.0,129.0,62%,0.0,2.0,66.0,58.0,26.0,0.0,179.0,226.0,148.0,54.0,24.0,35.0,4,"1,651",47.17,4.0,103.0,14%,2.0,33.0,8,0,21,0,0.0,0.0,0.0,0.0,0.0,0.0,0.0,0.0,0,0.0,0.0,0.0,0.0,0.0,0.0,0.0,0.0,22.0,2019/20,Tonsillitis,27-Sep-19,19-Oct-19
Jhon Durán,Forward,23,0.0,6.0,0,0.0,3.0,1.0,9.0,6.0,0.0,0.0,0.0,0.0,0.0,0.0,0.0,0,114,4.96,0.0,6.0,0,0.0,0.0,5,0,12,5,0.0,0.0,5.0,1.0,0.22,0.0,20.0,7.0,35%,0.0,0.0,0.0,0.0,0.0,0.0,0.0,0.0,20.0,2023/24,infection,21-Oct-23,23-Oct-23
Jonjo Shelvey,Midfielder,26,0.0,29.0,66%,0.0,15.0,23.0,35.0,20.0,0.0,139.0,67.0,78.0,15.0,17.0,13.0,2,"1,044",40.15,7.0,89.0,25%,5.0,143.0,3,0,19,6,1.0,4.0,1.0,2.0,0.23,0.0,45.0,14.0,31%,0.0,0.0,0.0,0.0,0.0,0.0,0.0,0.0,28.0,2019/20,Hamstring strain,18-Jan-20,28-Feb-20
Pierre-Emerick Aubameyang,Forward,29,0.0,12.0,0,0.0,13.0,7.0,15.0,4.0,0.0,0.0,0.0,0.0,0.0,0.0,0.0,3,624,21.52,0.0,38.0,0,0.0,0.0,2,0,13,10,1.0,8.0,1.0,2.0,0.34,2.0,57.0,22.0,39%,0.0,0.0,0.0,0.0,0.0,0.0,0.0,0.0,32.0,2020/21,Knock,18-Jan-21,1-Feb-21
Willian,Forward,25,0.0,13.0,0,0.0,7.0,8.0,6.0,3.0,0.0,0.0,0.0,0.0,0.0,0.0,0.0,5,677,27.08,0.0,104.0,0,0.0,0.0,0,0,5,1,0.0,1.0,0.0,2.0,0.04,0.0,20.0,3.0,15%,0.0,0.0,0.0,0.0,0.0,0.0,0.0,0.0,32.0,2020/21,Calf injury,23-Nov-20,28-Nov-20
Jonjo Shelvey,Midfielder,24,0.0,30.0,57%,0.0,5.0,22.0,19.0,9.0,0.0,160.0,57.0,55.0,9.0,10.0,10.0,1,899,37.46,0.0,43.0,21%,4.0,118.0,5,1,18,2,0.0,2.0,0.0,1.0,0.08,0.0,30.0,14.0,47%,0.0,0.0,0.0,0.0,0.0,0.0,0.0,0.0,30.0,2021/22,Muscle injury,17-Dec-21,26-Dec-21
Djibril Sidibé,Defender,25,4.0,83.0,53%,2.0,5.0,40.0,33.0,15.0,0.0,148.0,144.0,106.0,14.0,30.0,32.0,4,948,37.92,4.0,68.0,26%,5.0,54.0,3,0,24,0,0.0,0.0,0.0,0.0,0.0,0.0,0.0,0.0,0,0.0,0.0,0.0,0.0,0.0,0.0,0.0,0.0,27.0,2019/20,unknown injury,15-Dec-19,18-Dec-19
Takehiro Tomiyasu,Defender,21,1.0,27.0,67%,0.0,2.0,14.0,14.0,7.0,0.0,42.0,48.0,37.0,1.0,17.0,20.0,1,412,19.62,0.0,12.0,33%,2.0,14.0,2,0,6,0,0.0,0.0,0.0,0.0,0.0,0.0,0.0,0.0,0,0.0,0.0,0.0,0.0,0.0,0.0,0.0,0.0,24.0,2022/23,muscular problems,3-Nov-22,15-Nov-22
Bryan Gil,Forward,4,0.0,3.0,0,0.0,1.0,1.0,1.0,1.0,0.0,0.0,0.0,0.0,0.0,0.0,0.0,1,57,14.25,0.0,2.0,0,0.0,0.0,1,0,2,0,0.0,0.0,0.0,0.0,0.0,0.0,2.0,1.0,50%,0.0,0.0,0.0,0.0,0.0,0.0,0.0,0.0,21.0,2022/23,Knock,"Aug 29,2022","Sep 12,2022"
Theo Walcott,Forward,25,0.0,13.0,0,0.0,12.0,8.0,1.0,0.0,0.0,0.0,0.0,0.0,0.0,0.0,0.0,3,354,14.16,7.0,42.0,0,0.0,0.0,1,0,9,2,1.0,1.0,0.0,1.0,0.08,0.0,31.0,10.0,32%,0.0,0.0,0.0,0.0,0.0,0.0,0.0,0.0,31.0,2019/20,abdominal muscle strain,8-Jun-20,8-Jul-20
Dwight Gayle,Forward,18,0.0,2.0,0,0.0,3.0,1.0,2.0,0.0,0.0,0.0,0.0,0.0,0.0,0.0,0.0,1,108,6.0,0.0,5.0,0,0.0,0.0,0,0,6,1,1.0,0.0,0.0,1.0,0.06,0.0,16.0,7.0,44%,0.0,0.0,0.0,0.0,0.0,0.0,0.0,0.0,31.0,2020/21,Inner ligament injury,5-Sep-20,11-Dec-20
Anthony Martial,Forward,22,0.0,2.0,0,0.0,10.0,1.0,8.0,5.0,0.0,0.0,0.0,0.0,0.0,0.0,0.0,3,481,21.86,0.0,8.0,0,0.0,0.0,0,1,15,4,1.0,3.0,0.0,0.0,0.18,0.0,43.0,21.0,49%,0.0,0.0,0.0,0.0,0.0,0.0,0.0,0.0,25.0,2020/21,Torn knee ligaments,29-Mar-21,2-Aug-21
André Gomes,Midfielder,14,0.0,16.0,25%,0.0,7.0,1.0,7.0,2.0,0.0,53.0,44.0,79.0,12.0,8.0,9.0,1,276,19.71,0.0,6.0,83%,0.0,13.0,3,0,24,0,0.0,0.0,0.0,0.0,0.0,0.0,14.0,4.0,29%,0.0,0.0,0.0,0.0,0.0,0.0,0.0,0.0,28.0,2021/22,calf injury,21-Sep-21,5-Dec-21
Morgan Sanson,Midfielder,10,0.0,12.0,67%,0.0,0.0,10.0,2.0,1.0,0.0,33.0,41.0,26.0,13.0,3.0,6.0,0,153,15.3,0.0,8.0,25%,3.0,3.0,0,0,3,0,0.0,0.0,0.0,0.0,0.0,0.0,1.0,0.0,0%,0.0,0.0,0.0,0.0,0.0,0.0,0.0,0.0,27.0,2021/22,Knock,10-Apr-22,8-May-22
Marcus Rashford,Forward,25,0.0,6.0,0,0.0,5.0,5.0,4.0,3.0,0.0,0.0,0.0,0.0,0.0,0.0,0.0,2,393,15.72,0.0,22.0,0,0.0,0.0,2,0,13,4,0.0,4.0,0.0,0.0,0.16,0.0,22.0,12.0,55%,0.0,0.0,0.0,0.0,0.0,0.0,0.0,0.0,24.0,2021/22,Dead leg,13-Jan-22,17-Jan-22
Ben Godfrey,Defender,13,1.0,20.0,55%,1.0,2.0,8.0,31.0,18.0,0.0,35.0,43.0,50.0,3.0,15.0,17.0,1,226,17.38,0.0,7.0,14%,0.0,8.0,2,0,10,0,0.0,0.0,0.0,0.0,0.0,0.0,0.0,0.0,0,0.0,0.0,0.0,0.0,0.0,0.0,0.0,0.0,24.0,2022/23,broken fibula,6-Aug-22,5-Nov-22
Philippe Coutinho,Midfielder,2,0.0,0.0,0%,0.0,0.0,0.0,0.0,0.0,0.0,1.0,5.0,2.0,4.0,0.0,0.0,0,24,12.0,0.0,0.0,0%,0.0,0.0,0,0,0,0,0.0,0.0,0.0,0.0,0.0,0.0,3.0,1.0,33%,0.0,0.0,0.0,0.0,0.0,0.0,0.0,0.0,32.0,2023/24,Hamstring injury,20-Aug-23,25-Sep-23
Takehiro Tomiyasu,Defender,21,1.0,27.0,67%,0.0,2.0,14.0,14.0,7.0,0.0,42.0,48.0,37.0,1.0,17.0,20.0,1,412,19.62,0.0,12.0,33%,2.0,14.0,2,0,6,0,0.0,0.0,0.0,0.0,0.0,0.0,0.0,0.0,0,0.0,0.0,0.0,0.0,0.0,0.0,0.0,0.0,24.0,2022/23,Knee surgery,16-Mar-23,1-Jul-23
Anthony Martial,Forward,8,0.0,0.0,0,0.0,0.0,0.0,1.0,0.0,0.0,0.0,0.0,0.0,0.0,0.0,0.0,0,82,10.25,0.0,4.0,0,0.0,0.0,0,0,0,1,0.0,1.0,0.0,0.0,0.13,0.0,5.0,3.0,60%,0.0,0.0,0.0,0.0,0.0,0.0,0.0,0.0,26.0,2021/22,Knee injury,4-Dec-21,13-Dec-21
Jetro Willems,Defender,19,2.0,37.0,51%,0.0,5.0,17.0,38.0,22.0,0.0,95.0,97.0,65.0,21.0,22.0,16.0,2,429,22.58,2.0,32.0,16%,1.0,9.0,0,0,10,2,0.0,2.0,0.0,0.0,0.0,0.0,0.0,0.0,0,0.0,0.0,0.0,0.0,0.0,0.0,0.0,0.0,26.0,2019/20,Knee injury,22-Sep-19,5-Oct-19
Richarlison,Forward,30,0.0,40.0,0,0.0,26.0,12.0,33.0,24.0,0.0,0.0,0.0,0.0,0.0,0.0,0.0,5,524,17.47,0.0,38.0,0,0.0,0.0,9,0,36,10,2.0,6.0,2.0,2.0,0.33,3.0,72.0,23.0,32%,0.0,0.0,0.0,0.0,0.0,0.0,0.0,0.0,24.0,2021/22,calf injury,12-Dec-21,12-Jan-22
Allan Saint-Maximin,Forward,25,0.0,16.0,0,0.0,10.0,4.0,1.0,0.0,0.0,0.0,0.0,0.0,0.0,0.0,0.0,4,417,16.68,0.0,21.0,0,0.0,0.0,0,0,10,3,0.0,2.0,1.0,0.0,0.12,0.0,30.0,13.0,43%,0.0,0.0,0.0,0.0,0.0,0.0,0.0,0.0,24.0,2020/21,Groin injury,28-Feb-21,4-Apr-21
Matty Cash,Defender,29,2.0,54.0,57%,0.0,10.0,18.0,52.0,28.0,1.0,110.0,103.0,114.0,12.0,15.0,21.0,2,"1,028",35.45,0.0,39.0,23%,0.0,31.0,8,0,30,2,0.0,2.0,0.0,0.0,0.0,0.0,0.0,0.0,0,0.0,0.0,0.0,0.0,0.0,0.0,0.0,0.0,26.0,2023/24,Calf injury,12-May-24,12-Jun-24
Richarlison,Forward,34,0.0,50.0,0,0.0,21.0,14.0,35.0,24.0,0.0,0.0,0.0,0.0,0.0,0.0,0.0,3,749,22.03,0.0,37.0,0,0.0,0.0,4,1,33,7,2.0,5.0,0.0,1.0,0.21,1.0,81.0,32.0,40%,0.0,0.0,0.0,0.0,0.0,0.0,0.0,0.0,23.0,2020/21,head injury,5-Dec-20,31-Dec-20
Chris Wood,Forward,32,0.0,7.0,0,0.0,8.0,4.0,18.0,14.0,0.0,0.0,0.0,0.0,0.0,0.0,0.0,1,460,14.38,1.0,8.0,0,0.0,0.0,1,0,34,14,5.0,4.0,5.0,0.0,0.44,1.0,65.0,31.0,48%,0.0,0.0,0.0,0.0,0.0,0.0,0.0,0.0,28.0,2019/20,hamstring strain,16-Feb-20,28-Feb-20
Matty Cash,Defender,29,2.0,54.0,57%,0.0,10.0,18.0,52.0,28.0,1.0,110.0,103.0,114.0,12.0,15.0,21.0,2,"1,028",35.45,0.0,39.0,23%,0.0,31.0,8,0,30,2,0.0,2.0,0.0,0.0,0.0,0.0,0.0,0.0,0,0.0,0.0,0.0,0.0,0.0,0.0,0.0,0.0,26.0,2023/24,Ill,29-Dec-23,31-Dec-23
Marvelous Nakamba,Midfielder,16,0.0,32.0,59%,0.0,0.0,12.0,15.0,6.0,0.0,82.0,64.0,63.0,14.0,9.0,14.0,0,384,24.0,0.0,1.0,0%,1.0,13.0,5,0,16,0,0.0,0.0,0.0,0.0,0.0,0.0,0.0,0.0,0%,0.0,0.0,0.0,0.0,0.0,0.0,0.0,0.0,25.0,2021/22,Knee injury,11-Dec-21,31-Mar-22
Marcel Sabitzer,Midfielder,11,0.0,12.0,67%,0.0,4.0,8.0,11.0,4.0,0.0,52.0,36.0,34.0,1.0,13.0,11.0,1,296,26.91,0.0,4.0,25%,2.0,9.0,1,0,8,0,0.0,0.0,0.0,0.0,0.0,0.0,11.0,3.0,27%,0.0,0.0,0.0,0.0,0.0,0.0,0.0,0.0,32.0,2022/23,Groin problems,16-Apr-23,19-Apr-23
Thomas Partey,Midfielder,33,0.0,70.0,57%,0.0,10.0,28.0,39.0,18.0,0.0,225.0,165.0,115.0,35.0,37.0,25.0,0,"1,946",58.97,0.0,9.0,22%,11.0,107.0,5,0,37,3,0.0,3.0,0.0,2.0,0.09,0.0,28.0,4.0,14%,0.0,0.0,0.0,0.0,0.0,0.0,0.0,0.0,30.0,2022/23,Thigh problems,25-Aug-22,15-Sep-22
André Gomes,Midfielder,12,0.0,7.0,57%,0.0,2.0,3.0,3.0,1.0,0.0,34.0,16.0,49.0,3.0,1.0,9.0,0,259,21.58,0.0,26.0,12%,4.0,18.0,4,0,17,1,0.0,1.0,0.0,0.0,0.08,0.0,8.0,4.0,50%,0.0,0.0,0.0,0.0,0.0,0.0,0.0,0.0,29.0,2023/24,fitness,13-Aug-23,3-Dec-23
Alexander Isak,Forward,22,0.0,18.0,0,0.0,18.0,4.0,8.0,4.0,0.0,0.0,0.0,0.0,0.0,0.0,0.0,1,352,16.0,0.0,7.0,0,0.0,0.0,3,0,19,10,2.0,8.0,0.0,1.0,0.45,2.0,51.0,25.0,49%,0.0,0.0,0.0,0.0,0.0,0.0,0.0,0.0,23.0,2022/23,Thigh problems,20-Sep-22,4-Jan-23
Paul Pogba,Midfielder,20,0.0,13.0,69%,0.0,9.0,13.0,16.0,11.0,0.0,98.0,116.0,122.0,39.0,36.0,20.0,9,877,43.85,0.0,12.0,25%,8.0,73.0,7,1,39,1,0.0,1.0,0.0,0.0,0.05,0.0,32.0,8.0,25%,0.0,0.0,0.0,0.0,0.0,0.0,0.0,0.0,28.0,2021/22,Hamstring injury,8-Nov-21,3-Feb-22
Harry Maguire,Defender,30,6.0,34.0,62%,2.0,4.0,32.0,100.0,57.0,0.0,148.0,132.0,67.0,4.0,75.0,28.0,0,"1,563",52.1,0.0,2.0,0%,0.0,120.0,7,1,21,1,1.0,0.0,0.0,2.0,0.0,0.0,0.0,0.0,0,0.0,0.0,0.0,0.0,0.0,0.0,0.0,0.0,28.0,2021/22,Knee problems,26-Apr-22,3-May-22
Mark Flekken,Goalkeeper,37,7.0,0.0,0,0.0,0.0,0.0,0.0,0.0,0.0,0.0,0.0,0.0,0.0,0.0,0.0,1,"1,446",39.08,0.0,0.0,0,0.0,321.0,3,0,2,0,0.0,0.0,0.0,0.0,0.0,0.0,0.0,0.0,0,115.0,0.0,23.0,40.0,1.0,17.0,131.0,289.0,31.0,2023/24,cold,3-Oct-23,19-Oct-23
Dominic Calvert-Lewin,Forward,17,0.0,4.0,0,0.0,6.0,3.0,18.0,15.0,0.0,0.0,0.0,0.0,0.0,0.0,0.0,1,215,12.65,0.0,6.0,0,0.0,0.0,3,0,22,2,0.0,2.0,0.0,1.0,0.12,1.0,31.0,10.0,32%,0.0,0.0,0.0,0.0,0.0,0.0,0.0,0.0,26.0,2022/23,hamstring injury,20-May-23,20-Jun-23
Lucas Torreira,Midfielder,29,0.0,31.0,52%,0.0,4.0,34.0,22.0,10.0,0.0,107.0,101.0,81.0,17.0,11.0,21.0,1,903,31.14,0.0,12.0,25%,2.0,34.0,7,0,24,1,0.0,1.0,0.0,0.0,0.03,0.0,21.0,6.0,29%,0.0,0.0,0.0,0.0,0.0,0.0,0.0,0.0,24.0,2019/20,Ankle injury,3-Mar-20,3-Jul-20
Ryan Fraser,Midfielder,18,0.0,4.0,25%,0.0,4.0,6.0,5.0,0.0,0.0,30.0,32.0,35.0,3.0,5.0,22.0,2,262,14.56,0.0,103.0,24%,0.0,3.0,0,1,5,0,0.0,0.0,0.0,1.0,0.0,0.0,13.0,6.0,46%,0.0,0.0,0.0,0.0,0.0,0.0,0.0,0.0,27.0,2020/21,Hamstring injury,2-Nov-20,15-Dec-20
Morgan Sanson,Midfielder,10,0.0,12.0,67%,0.0,0.0,10.0,2.0,1.0,0.0,33.0,41.0,26.0,13.0,3.0,6.0,0,153,15.3,0.0,8.0,25%,3.0,3.0,0,0,3,0,0.0,0.0,0.0,0.0,0.0,0.0,1.0,0.0,0%,0.0,0.0,0.0,0.0,0.0,0.0,0.0,0.0,27.0,2021/22,Coronavirus,12-Dec-21,25-Dec-21
Dominic Calvert-Lewin,Forward,17,0.0,4.0,0,0.0,6.0,3.0,18.0,15.0,0.0,0.0,0.0,0.0,0.0,0.0,0.0,1,215,12.65,0.0,6.0,0,0.0,0.0,3,0,22,2,0.0,2.0,0.0,1.0,0.12,1.0,31.0,10.0,32%,0.0,0.0,0.0,0.0,0.0,0.0,0.0,0.0,25.0,2022/23,hamstring injury,4-Feb-23,20-Apr-23
Joe Willock,Midfielder,29,0.0,64.0,58%,0.0,10.0,21.0,8.0,3.0,0.0,121.0,142.0,151.0,36.0,16.0,24.0,0,544,18.76,0.0,16.0,19%,1.0,17.0,0,0,34,2,0.0,2.0,0.0,0.0,0.07,0.0,35.0,11.0,31%,0.0,0.0,0.0,0.0,0.0,0.0,0.0,0.0,22.0,2021/22,Knee injury,4-Apr-22,10-Apr-22
Youri Tielemans,Midfielder,32,0.0,41.0,49%,0.0,5.0,15.0,8.0,4.0,0.0,97.0,98.0,86.0,15.0,13.0,9.0,6,907,28.34,0.0,31.0,6%,17.0,36.0,3,0,22,2,0.0,2.0,0.0,2.0,0.06,0.0,14.0,6.0,43%,0.0,0.0,0.0,0.0,0.0,0.0,0.0,0.0,27.0,2023/24,Calf injury,13-Dec-23,12-Jan-24
Álex Moreno,Defender,19,4.0,23.0,61%,0.0,3.0,7.0,30.0,16.0,1.0,69.0,66.0,94.0,23.0,9.0,12.0,3,579,30.47,0.0,48.0,31%,1.0,9.0,3,0,17,0,0.0,0.0,0.0,1.0,0.0,0.0,0.0,0.0,0,0.0,0.0,0.0,0.0,0.0,0.0,0.0,0.0,31.0,2022/23,Hamstring injury,20-May-23,15-Sep-23
Dale Stephens,Midfielder,7,0.0,11.0,55%,0.0,3.0,8.0,1.0,0.0,0.0,21.0,19.0,19.0,1.0,5.0,2.0,0,119,17.0,0.0,0.0,0%,0.0,7.0,1,0,8,0,0.0,0.0,0.0,0.0,0.0,0.0,4.0,0.0,0%,0.0,0.0,0.0,0.0,0.0,0.0,0.0,0.0,31.0,2020/21,knock,14-Feb-21,18-Feb-21
Joelinton,Forward,20,0.0,39.0,0,0.0,4.0,19.0,10.0,9.0,0.0,0.0,0.0,0.0,0.0,0.0,0.0,1,616,30.8,0.0,2.0,0,0.0,0.0,6,0,28,2,0.0,2.0,0.0,1.0,0.1,0.0,19.0,9.0,47%,0.0,0.0,0.0,0.0,0.0,0.0,0.0,0.0,27.0,2023/24,Groin surgery,6-Jan-24,3-May-24
Lewis Miley,Midfielder,17,0.0,33.0,64%,0.0,7.0,8.0,16.0,5.0,0.0,78.0,58.0,52.0,8.0,11.0,12.0,3,524,30.82,0.0,11.0,18%,4.0,18.0,1,0,5,1,0.0,1.0,0.0,0.0,0.06,0.0,13.0,3.0,23%,0.0,0.0,0.0,0.0,0.0,0.0,0.0,0.0,18.0,2023/24,Fever,16-Oct-23,1-Nov-23
Jack Cork,Midfielder,16,0.0,26.0,38%,0.0,4.0,16.0,19.0,8.0,0.0,89.0,75.0,83.0,5.0,33.0,29.0,0,500,31.25,0.0,5.0,20%,0.0,17.0,2,0,21,0,0.0,0.0,0.0,0.0,0.0,0.0,5.0,0.0,0%,0.0,0.0,0.0,0.0,0.0,0.0,0.0,0.0,31.0,2020/21,broken foot,30-Jun-20,13-Dec-20
Jay Rodríguez,Forward,29,0.0,20.0,0,0.0,10.0,4.0,12.0,10.0,0.0,0.0,0.0,0.0,0.0,0.0,0.0,2,302,10.41,0.0,7.0,0,0.0,0.0,3,0,31,2,0.0,2.0,0.0,2.0,0.07,0.0,41.0,11.0,27%,0.0,0.0,0.0,0.0,0.0,0.0,0.0,0.0,33.0,2021/22,hamstring injury,29-Apr-20,7-Aug-20
DeAndre Yedlin,Defender,16,1.0,18.0,72%,0.0,0.0,10.0,16.0,6.0,1.0,38.0,36.0,39.0,1.0,8.0,13.0,0,246,15.38,0.0,28.0,21%,0.0,13.0,3,0,8,1,1.0,0.0,0.0,0.0,0.0,0.0,0.0,0.0,0,0.0,0.0,0.0,0.0,0.0,0.0,0.0,0.0,26.0,2019/20,Hand injury,5-Jan-20,23-Jan-20
Giovani Lo Celso,Midfielder,18,0.0,28.0,79%,0.0,3.0,7.0,5.0,1.0,0.0,60.0,70.0,79.0,8.0,14.0,15.0,1,570,31.67,0.0,31.0,13%,1.0,19.0,5,0,19,1,0.0,0.0,1.0,0.0,0.06,0.0,15.0,6.0,40%,0.0,0.0,0.0,0.0,0.0,0.0,0.0,0.0,24.0,2020/21,Hamstring injury,"Dec 20,2020","Mar 14,2021"
Séamus Coleman,Defender,30,7.0,61.0,59%,1.0,3.0,32.0,74.0,37.0,0.0,188.0,137.0,89.0,34.0,25.0,23.0,0,951,31.7,0.0,41.0,32%,0.0,53.0,4,0,14,1,1.0,0.0,0.0,0.0,0.0,0.0,0.0,0.0,0,0.0,0.0,0.0,0.0,0.0,0.0,0.0,0.0,31.0,2021/22,hamstring injury,17-Sep-21,15-Oct-21
Dale Stephens,Midfielder,7,0.0,11.0,55%,0.0,3.0,8.0,1.0,0.0,0.0,21.0,19.0,19.0,1.0,5.0,2.0,0,119,17.0,0.0,0.0,0%,0.0,7.0,1,0,8,0,0.0,0.0,0.0,0.0,0.0,0.0,4.0,0.0,0%,0.0,0.0,0.0,0.0,0.0,0.0,0.0,0.0,31.0,2020/21,hamstring injury,19-Nov-20,13-Dec-20
Axel Tuanzebe,Defender,5,0.0,2.0,100%,0.0,0.0,5.0,4.0,3.0,0.0,15.0,8.0,20.0,0.0,3.0,12.0,0,136,27.2,0.0,1.0,0%,0.0,4.0,0,0,3,0,0.0,0.0,0.0,0.0,0.0,0.0,0.0,0.0,0,0.0,0.0,0.0,0.0,0.0,0.0,0.0,0.0,22.0,2019/20,Hip injury,19-Oct-19,23-Nov-19
Theo Walcott,Forward,25,0.0,13.0,0,0.0,12.0,8.0,1.0,0.0,0.0,0.0,0.0,0.0,0.0,0.0,0.0,3,354,14.16,7.0,42.0,0,0.0,0.0,1,0,9,2,1.0,1.0,0.0,1.0,0.08,0.0,31.0,10.0,32%,0.0,0.0,0.0,0.0,0.0,0.0,0.0,0.0,30.0,2019/20,calf strain,8-Dec-19,25-Dec-19
Axel Tuanzebe,Defender,0,0.0,0.0,0%,0.0,0.0,0.0,0.0,0.0,0.0,0.0,0.0,0.0,0.0,0.0,0.0,0,0,0.0,0.0,0.0,0%,0.0,0.0,0,0,0,0,0.0,0.0,0.0,0.0,0.0,0.0,0.0,0.0,0,0.0,0.0,0.0,0.0,0.0,0.0,0.0,0.0,24.0,2022/23,unknown injury,13-Jul-22,23-Jan-23
Bukayo Saka,Midfielder,32,0.0,25.0,0,0.0,23.0,25.0,19.0,6.0,0.0,0.0,0.0,0.0,0.0,0.0,0.0,3,978,30.56,0.0,148.0,0,0.0,0.0,1,0,28,5,1.0,2.0,2.0,3.0,0.16,0.0,61.0,20.0,33%,0.0,0.0,0.0,0.0,0.0,0.0,0.0,0.0,19.0,2020/21,Hip problems,28-Jan-21,31-Jan-21
Kristoffer Ajer,Defender,28,2.0,38.0,55%,0.0,3.0,25.0,78.0,36.0,0.0,60.0,121.0,69.0,10.0,65.0,23.0,1,722,25.79,0.0,22.0,23%,1.0,31.0,5,0,25,2,1.0,1.0,0.0,0.0,0.0,0.0,0.0,0.0,0,0.0,0.0,0.0,0.0,0.0,0.0,0.0,0.0,26.0,2023/24,Foot injury,2-Dec-23,16-Jan-24
Dominic Calvert-Lewin,Forward,17,0.0,4.0,0,0.0,6.0,3.0,18.0,15.0,0.0,0.0,0.0,0.0,0.0,0.0,0.0,1,215,12.65,0.0,6.0,0,0.0,0.0,3,0,22,2,0.0,2.0,0.0,1.0,0.12,1.0,31.0,10.0,32%,0.0,0.0,0.0,0.0,0.0,0.0,0.0,0.0,25.0,2022/23,knee injury,4-Aug-22,3-Oct-22
Jetro Willems,Defender,19,2.0,37.0,51%,0.0,5.0,17.0,38.0,22.0,0.0,95.0,97.0,65.0,21.0,22.0,16.0,2,429,22.58,2.0,32.0,16%,1.0,9.0,0,0,10,2,0.0,2.0,0.0,0.0,0.0,0.0,0.0,0.0,0,0.0,0.0,0.0,0.0,0.0,0.0,0.0,0.0,26.0,2019/20,Cruciate ligament tear,18-Jan-20,20-Sep-20
Kieran Trippier,Defender,28,4.0,57.0,47%,1.0,2.0,24.0,47.0,31.0,0.0,162.0,125.0,99.0,16.0,31.0,17.0,10,"1,714",61.21,0.0,212.0,33%,1.0,79.0,5,0,27,1,0.0,0.0,1.0,2.0,0.0,0.0,0.0,0.0,0,0.0,0.0,0.0,0.0,0.0,0.0,0.0,0.0,33.0,2023/24,Calf injury,2-Mar-24,10-May-24
Alexandre Lacazette,Forward,30,0.0,27.0,0,0.0,11.0,5.0,5.0,5.0,0.0,0.0,0.0,0.0,0.0,0.0,0.0,7,444,14.8,0.0,7.0,0,0.0,0.0,0,0,32,4,0.0,4.0,0.0,0.0,0.13,2.0,46.0,15.0,33%,0.0,0.0,0.0,0.0,0.0,0.0,0.0,0.0,31.0,2021/22,Coronavirus,14-Apr-22,19-Apr-22
Jordan Beyer,Defender,15,2.0,35.0,57%,1.0,3.0,16.0,68.0,39.0,0.0,57.0,73.0,50.0,4.0,29.0,26.0,1,855,57.0,0.0,0.0,0%,1.0,47.0,6,0,11,0,0.0,0.0,0.0,0.0,0.0,0.0,0.0,0.0,0,0.0,0.0,0.0,0.0,0.0,0.0,0.0,0.0,23.0,2023/24,knee injury,8-Jan-24,Present
Neil Taylor,Defender,14,2.0,16.0,69%,1.0,1.0,20.0,27.0,8.0,0.0,56.0,33.0,34.0,2.0,9.0,15.0,0,419,29.93,1.0,9.0,11%,0.0,15.0,2,0,8,0,0.0,0.0,0.0,0.0,0.0,0.0,0.0,0.0,0,0.0,0.0,0.0,0.0,0.0,0.0,0.0,0.0,31.0,2019/20,Hamstring injury,13-Jul-20,25-Jul-20
Matty Cash,Defender,29,2.0,54.0,57%,0.0,10.0,18.0,52.0,28.0,1.0,110.0,103.0,114.0,12.0,15.0,21.0,2,"1,028",35.45,0.0,39.0,23%,0.0,31.0,8,0,30,2,0.0,2.0,0.0,0.0,0.0,0.0,0.0,0.0,0,0.0,0.0,0.0,0.0,0.0,0.0,0.0,0.0,26.0,2023/24,Hamstring injury,21-Mar-24,12-Apr-24
Aaron Wan-Bissaka,Defender,20,3.0,49.0,73%,0.0,3.0,34.0,32.0,11.0,1.0,126.0,117.0,91.0,36.0,19.0,32.0,0,937,46.85,0.0,35.0,23%,0.0,17.0,2,0,15,0,0.0,0.0,0.0,0.0,0.0,0.0,0.0,0.0,0,0.0,0.0,0.0,0.0,0.0,0.0,0.0,0.0,23.0,2021/22,Hand injury,29-Nov-21,4-Dec-21
Granit Xhaka,Midfielder,31,0.0,45.0,56%,0.0,3.0,21.0,55.0,36.0,0.0,195.0,147.0,158.0,25.0,45.0,55.0,2,"1,903",61.39,1.0,16.0,19%,4.0,126.0,10,0,56,1,0.0,0.0,1.0,0.0,0.03,0.0,11.0,3.0,27%,0.0,0.0,0.0,0.0,0.0,0.0,0.0,0.0,27.0,2019/20,Ankle injury,18-Jun-20,24-Jun-20
Hugo Lloris,Goalkeeper,25,7.0,0.0,0,0.0,0.0,0.0,0.0,0.0,0.0,0.0,0.0,0.0,0.0,0.0,0.0,0,616,24.64,0.0,0.0,0,0.0,109.0,0,0,0,0,0.0,0.0,0.0,0.0,0.0,0.0,0.0,0.0,0,79.0,0.0,7.0,17.0,1.0,7.0,109.0,186.0,36.0,2022/23,Thigh Problems,"Apr 24,2023","Oct 2,2023"
Sead Kolasinac,Defender,26,3.0,29.0,55%,0.0,1.0,25.0,33.0,26.0,0.0,103.0,88.0,66.0,16.0,28.0,19.0,2,900,34.62,2.0,29.0,21%,0.0,21.0,4,0,20,0,0.0,0.0,0.0,0.0,0.0,0.0,0.0,0.0,0,0.0,0.0,0.0,0.0,0.0,0.0,0.0,0.0,27.0,2019/20,Arm injury,24-Feb-20,15-Jun-20
Bryan Mbeumo,Midfielder,25,0.0,15.0,67%,0.0,11.0,7.0,12.0,8.0,0.0,93.0,106.0,160.0,26.0,23.0,45.0,6,650,26.0,0.0,92.0,32%,15.0,17.0,2,0,22,9,0.0,1.0,8.0,3.0,0.36,3.0,53.0,20.0,38%,0.0,0.0,0.0,0.0,0.0,0.0,0.0,0.0,22.0,2023/24,Ankle injury,7-Dec-23,12-Mar-24
Yerry Mina,Defender,29,4.0,39.0,56%,0.0,6.0,28.0,98.0,58.0,0.0,131.0,170.0,97.0,6.0,114.0,70.0,1,"1,361",46.93,2.0,4.0,0%,1.0,108.0,3,0,20,2,1.0,1.0,0.0,0.0,0.0,0.0,0.0,0.0,0,0.0,0.0,0.0,0.0,0.0,0.0,0.0,0.0,25.0,2019/20,knee injury,20-Oct-19,2-Nov-19
Joelinton,Forward,35,0.0,72.0,0,0.0,14.0,34.0,47.0,38.0,0.0,0.0,0.0,0.0,0.0,0.0,0.0,1,911,26.03,0.0,22.0,0,0.0,0.0,8,0,64,4,1.0,1.0,2.0,1.0,0.11,0.0,45.0,14.0,31%,0.0,0.0,0.0,0.0,0.0,0.0,0.0,0.0,25.0,2021/22,Knock,7-Mar-22,15-Mar-22
Fabian Schär,Defender,22,4.0,39.0,54%,0.0,5.0,47.0,72.0,30.0,1.0,112.0,113.0,95.0,16.0,34.0,34.0,0,761,34.59,0.0,12.0,8%,1.0,94.0,5,0,29,2,0.0,1.0,1.0,0.0,0.0,0.0,0.0,0.0,0,0.0,0.0,0.0,0.0,0.0,0.0,0.0,0.0,28.0,2019/20,Knee injury,20-Oct-19,24-Nov-19
Granit Xhaka,Midfielder,31,0.0,50.0,52%,0.0,8.0,24.0,36.0,19.0,0.0,203.0,134.0,121.0,8.0,39.0,36.0,2,"2,189",70.61,0.0,12.0,25%,3.0,130.0,7,1,39,1,0.0,0.0,1.0,0.0,0.03,0.0,21.0,7.0,33%,0.0,0.0,0.0,0.0,0.0,0.0,0.0,0.0,28.0,2020/21,Ill,1-Apr-21,4-Apr-21
Rob Holding,Defender,30,11.0,43.0,47%,0.0,0.0,24.0,119.0,82.0,1.0,138.0,127.0,112.0,8.0,72.0,60.0,1,"1,802",60.07,0.0,2.0,50%,0.0,92.0,2,0,25,0,0.0,0.0,0.0,1.0,0.0,0.0,0.0,0.0,0,0.0,0.0,0.0,0.0,0.0,0.0,0.0,0.0,25.0,2020/21,Hamstring injury,16-Oct-20,15-Dec-20
Marcel Sabitzer,Midfielder,11,0.0,12.0,67%,0.0,4.0,8.0,11.0,4.0,0.0,52.0,36.0,34.0,1.0,13.0,11.0,1,296,26.91,0.0,4.0,25%,2.0,9.0,1,0,8,0,0.0,0.0,0.0,0.0,0.0,0.0,11.0,3.0,27%,0.0,0.0,0.0,0.0,0.0,0.0,0.0,0.0,32.0,2022/23,unknown injury,6-Mar-23,14-Mar-23
Edinson Cavani,Forward,26,0.0,12.0,0,0.0,7.0,6.0,11.0,8.0,0.0,0.0,0.0,0.0,0.0,0.0,0.0,3,336,12.92,0.0,4.0,0,0.0,0.0,4,0,21,10,6.0,3.0,1.0,0.0,0.38,0.0,34.0,15.0,44%,0.0,0.0,0.0,0.0,0.0,0.0,0.0,0.0,34.0,2020/21,Knock,5-Mar-21,21-Mar-21
Héctor Bellerín,Defender,15,3.0,20.0,65%,0.0,2.0,19.0,24.0,9.0,0.0,54.0,54.0,74.0,18.0,13.0,16.0,0,570,38.0,1.0,27.0,7%,0.0,14.0,2,0,15,1,0.0,0.0,1.0,0.0,0.0,0.0,0.0,0.0,0,0.0,0.0,0.0,0.0,0.0,0.0,0.0,0.0,25.0,2019/20,Hamstring injury,6-Dec-19,14-Jan-20
Jack Grealish,Midfielder,36,0.0,29.0,66%,0.0,18.0,22.0,10.0,4.0,0.0,188.0,289.0,182.0,73.0,22.0,27.0,6,"1,371",38.08,8.0,141.0,20%,2.0,81.0,8,0,34,8,0.0,5.0,3.0,2.0,0.22,0.0,73.0,23.0,32%,0.0,0.0,0.0,0.0,0.0,0.0,0.0,0.0,24.0,2019/20,Calf injury,27-Oct-19,24-Nov-19
Paul Dummett,Defender,16,3.0,27.0,63%,0.0,0.0,23.0,61.0,31.0,0.0,54.0,62.0,44.0,1.0,28.0,32.0,0,449,28.06,0.0,15.0,13%,0.0,25.0,2,0,4,0,0.0,0.0,0.0,0.0,0.0,0.0,0.0,0.0,0,0.0,0.0,0.0,0.0,0.0,0.0,0.0,0.0,28.0,2019/20,Groin injury,22-Dec-19,10-Jan-20
Fabian Delph,Midfielder,8,0.0,5.0,40%,0.0,0.0,4.0,7.0,0.0,0.0,22.0,19.0,8.0,7.0,0.0,0.0,0,217,27.13,0.0,7.0,0%,0.0,8.0,1,0,3,0,0.0,0.0,0.0,0.0,0.0,0.0,1.0,0.0,0%,0.0,0.0,0.0,0.0,0.0,0.0,0.0,0.0,29.0,2020/21,bruise,2-Nov-20,27-Nov-20
Pierre-Emerick Aubameyang,Forward,29,0.0,12.0,0,0.0,13.0,7.0,15.0,4.0,0.0,0.0,0.0,0.0,0.0,0.0,0.0,3,624,21.52,0.0,38.0,0,0.0,0.0,2,0,13,10,1.0,8.0,1.0,2.0,0.34,2.0,57.0,22.0,39%,0.0,0.0,0.0,0.0,0.0,0.0,0.0,0.0,32.0,2020/21,Calf injury,17-Dec-20,28-Dec-20
Joe Willock,Midfielder,35,0.0,51.0,59%,0.0,21.0,25.0,15.0,5.0,0.0,136.0,127.0,154.0,37.0,16.0,16.0,6,888,25.37,0.0,51.0,25%,4.0,35.0,1,0,35,3,1.0,2.0,0.0,0.0,0.09,0.0,58.0,17.0,29%,0.0,0.0,0.0,0.0,0.0,0.0,0.0,0.0,23.0,2022/23,Hamstring injury,18-May-23,5-Jun-23
James Garner,Midfielder,16,0.0,16.0,81%,0.0,3.0,12.0,13.0,4.0,0.0,68.0,45.0,44.0,7.0,12.0,11.0,1,298,18.63,0.0,37.0,14%,0.0,9.0,3,0,16,0,0.0,0.0,0.0,0.0,0.0,0.0,9.0,3.0,33%,0.0,0.0,0.0,0.0,0.0,0.0,0.0,0.0,21.0,2022/23,back injury,12-Nov-22,9-Feb-23
Allan Saint-Maximin,Forward,25,0.0,16.0,0,0.0,10.0,4.0,1.0,0.0,0.0,0.0,0.0,0.0,0.0,0.0,0.0,4,417,16.68,0.0,21.0,0,0.0,0.0,0,0,10,3,0.0,2.0,1.0,0.0,0.12,0.0,30.0,13.0,43%,0.0,0.0,0.0,0.0,0.0,0.0,0.0,0.0,24.0,2020/21,Ankle injury,21-Sep-20,1-Oct-20
Jonjo Shelvey,Midfielder,26,0.0,29.0,66%,0.0,15.0,23.0,35.0,20.0,0.0,139.0,67.0,78.0,15.0,17.0,13.0,2,"1,044",40.15,7.0,89.0,25%,5.0,143.0,3,0,19,6,1.0,4.0,1.0,2.0,0.23,0.0,45.0,14.0,31%,0.0,0.0,0.0,0.0,0.0,0.0,0.0,0.0,28.0,2019/20,Calf injury,9-Dec-19,20-Dec-19
Aaron Lennon,Midfielder,16,0.0,14.0,57%,0.0,0.0,8.0,3.0,0.0,0.0,24.0,26.0,29.0,3.0,2.0,9.0,0,118,7.38,0.0,8.0,13%,0.0,2.0,4,0,10,0,0.0,0.0,0.0,0.0,0.0,0.0,1.0,0.0,0%,0.0,0.0,0.0,0.0,0.0,0.0,0.0,0.0,32.0,2019/20,ill,22-Dec-19,10-Jan-20
Willian,Forward,25,0.0,13.0,0,0.0,7.0,8.0,6.0,3.0,0.0,0.0,0.0,0.0,0.0,0.0,0.0,5,677,27.08,0.0,104.0,0,0.0,0.0,0,0,5,1,0.0,1.0,0.0,2.0,0.04,0.0,20.0,3.0,15%,0.0,0.0,0.0,0.0,0.0,0.0,0.0,0.0,32.0,2020/21,Ill,25-Dec-20,1-Jan-21
Frank Onyeka,Midfielder,21,0.0,19.0,74%,0.0,2.0,10.0,16.0,4.0,0.0,50.0,63.0,66.0,11.0,7.0,15.0,2,253,12.05,0.0,2.0,0%,0.0,7.0,0,0,15,0,0.0,0.0,0.0,0.0,0.0,0.0,9.0,4.0,44%,0.0,0.0,0.0,0.0,0.0,0.0,0.0,0.0,25.0,2022/23,Thigh problems,25-Mar-23,9-Apr-23
Bruno Guimarães,Midfielder,32,0.0,78.0,51%,0.0,7.0,36.0,19.0,7.0,0.0,233.0,225.0,169.0,45.0,19.0,13.0,5,"1,632",51.0,0.0,22.0,9%,25.0,101.0,7,0,45,4,1.0,3.0,0.0,2.0,0.13,0.0,28.0,8.0,29%,0.0,0.0,0.0,0.0,0.0,0.0,0.0,0.0,25.0,2022/23,Hamstring injury,25-Aug-22,16-Sep-22
Nick Pope,Goalkeeper,37,14.0,0.0,0,0.0,0.0,0.0,0.0,0.0,0.0,0.0,0.0,0.0,0.0,0.0,0.0,0,658,17.78,0.0,0.0,0,0.0,139.0,3,1,1,0,0.0,0.0,0.0,0.0,0.0,0.0,0.0,0.0,0,87.0,0.0,19.0,30.0,1.0,38.0,232.0,207.0,31.0,2022/23,Hand injury,23-May-23,20-Jun-23
Douglas Luiz,Midfielder,33,0.0,49.0,37%,0.0,6.0,43.0,41.0,22.0,0.0,208.0,162.0,164.0,23.0,43.0,42.0,2,"1,415",42.88,0.0,23.0,17%,0.0,108.0,8,1,59,0,0.0,0.0,0.0,0.0,0.0,0.0,26.0,8.0,31%,0.0,0.0,0.0,0.0,0.0,0.0,0.0,0.0,23.0,2020/21,Hamstring injury,25-Oct-20,25-Nov-20
Moise Kean,Forward,29,0.0,6.0,0,0.0,5.0,5.0,1.0,1.0,0.0,0.0,0.0,0.0,0.0,0.0,0.0,2,125,4.31,5.0,12.0,0,0.0,0.0,1,0,27,2,0.0,2.0,0.0,0.0,0.07,0.0,30.0,13.0,43%,0.0,0.0,0.0,0.0,0.0,0.0,0.0,0.0,20.0,2019/20,knee injury,17-Jul-20,25-Jul-20
Ethan Pinnock,Defender,29,5.0,35.0,66%,0.0,3.0,43.0,167.0,80.0,0.0,131.0,165.0,73.0,6.0,114.0,51.0,0,"1,398",48.21,0.0,7.0,0%,0.0,71.0,1,0,4,2,2.0,0.0,0.0,0.0,0.0,0.0,0.0,0.0,0,0.0,0.0,0.0,0.0,0.0,0.0,0.0,0.0,29.0,2023/24,Ankle injury,10-Feb-24,13-Apr-24
Allan Saint-Maximin,Forward,25,0.0,10.0,0,0.0,9.0,5.0,0.0,0.0,0.0,0.0,0.0,0.0,0.0,0.0,0.0,5,405,16.2,0.0,32.0,0,0.0,0.0,1,0,6,1,0.0,1.0,0.0,1.0,0.04,0.0,28.0,13.0,46%,0.0,0.0,0.0,0.0,0.0,0.0,0.0,0.0,26.0,2022/23,Muscle injury,14-Oct-22,26-Oct-22
Yerry Mina,Defender,24,5.0,21.0,67%,1.0,2.0,24.0,108.0,61.0,0.0,93.0,98.0,59.0,1.0,66.0,32.0,0,"1,257",52.38,0.0,0.0,0%,0.0,53.0,2,0,22,2,2.0,0.0,0.0,0.0,0.0,0.0,0.0,0.0,0,0.0,0.0,0.0,0.0,0.0,0.0,0.0,0.0,26.0,2020/21,calf injury,18-Feb-21,12-Mar-21
Mathias Jensen,Midfielder,31,0.0,33.0,55%,0.0,5.0,22.0,11.0,3.0,0.0,100.0,61.0,100.0,15.0,7.0,16.0,1,706,22.77,0.0,79.0,39%,3.0,69.0,0,0,19,0,0.0,0.0,0.0,0.0,0.0,0.0,19.0,5.0,26%,0.0,0.0,0.0,0.0,0.0,0.0,0.0,0.0,26.0,2021/22,Leg injury,7-Jul-21,31-Aug-21
Matty Cash,Defender,26,3.0,55.0,58%,0.0,3.0,26.0,37.0,17.0,0.0,108.0,98.0,61.0,16.0,12.0,13.0,1,781,30.04,0.0,46.0,26%,2.0,39.0,4,0,21,0,0.0,0.0,0.0,0.0,0.0,0.0,0.0,0.0,0,0.0,0.0,0.0,0.0,0.0,0.0,0.0,0.0,25.0,2022/23,Tendon rupture,3-Sep-22,28-Sep-22
Dominic Calvert-Lewin,Forward,17,0.0,11.0,0,0.0,6.0,3.0,12.0,9.0,0.0,0.0,0.0,0.0,0.0,0.0,0.0,2,277,16.29,0.0,2.0,0,0.0,0.0,2,0,17,5,2.0,2.0,0.0,2.0,0.29,2.0,33.0,13.0,39%,0.0,0.0,0.0,0.0,0.0,0.0,0.0,0.0,25.0,2021/22,hamstring injury,12-Apr-22,30-Apr-22
Sven Botman,Defender,17,3.0,20.0,65%,2.0,2.0,9.0,58.0,24.0,1.0,70.0,56.0,35.0,0.0,34.0,17.0,2,"1,015",59.71,0.0,0.0,0%,0.0,44.0,2,0,9,2,2.0,0.0,0.0,0.0,0.0,0.0,0.0,0.0,0,0.0,0.0,0.0,0.0,0.0,0.0,0.0,0.0,24.0,2023/24,Ankle injury,27-Aug-23,15-Sep-23
André Gomes,Midfielder,19,0.0,22.0,68%,0.0,0.0,7.0,6.0,4.0,0.0,122.0,83.0,137.0,25.0,17.0,12.0,1,851,44.79,1.0,12.0,25%,3.0,85.0,6,0,38,0,0.0,0.0,0.0,0.0,0.0,0.0,5.0,0.0,0%,0.0,0.0,0.0,0.0,0.0,0.0,0.0,0.0,26.0,2019/20,ankle injury,4-Nov-19,21-Feb-20
Edinson Cavani,Forward,15,0.0,4.0,0,0.0,4.0,2.0,5.0,3.0,0.0,0.0,0.0,0.0,0.0,0.0,0.0,1,230,15.33,0.0,2.0,0,0.0,0.0,0,0,7,2,0.0,2.0,0.0,1.0,0.13,0.0,18.0,8.0,44%,0.0,0.0,0.0,0.0,0.0,0.0,0.0,0.0,35.0,2021/22,Groin problems,11-Feb-22,7-Mar-22
Boubacar Kamara,Midfielder,20,0.0,43.0,67%,0.0,1.0,21.0,15.0,7.0,0.0,97.0,105.0,108.0,14.0,20.0,25.0,1,"1,024",51.2,0.0,2.0,0%,6.0,41.0,7,1,35,0,0.0,0.0,0.0,0.0,0.0,0.0,5.0,1.0,20%,0.0,0.0,0.0,0.0,0.0,0.0,0.0,0.0,24.0,2023/24,Knee injury,11-Feb-24,Present
Gylfi Sigurdsson,Midfielder,35,0.0,50.0,52%,0.0,20.0,37.0,15.0,3.0,0.0,147.0,103.0,147.0,16.0,14.0,24.0,3,"1,019",29.11,5.0,131.0,28%,3.0,47.0,3,0,34,2,0.0,2.0,0.0,1.0,0.06,1.0,46.0,14.0,30%,0.0,0.0,0.0,0.0,0.0,0.0,0.0,0.0,30.0,2019/20,groin injury,12-Jan-20,31-Jan-20
Fabian Schär,Defender,18,2.0,13.0,31%,0.0,3.0,27.0,51.0,25.0,0.0,87.0,51.0,70.0,7.0,16.0,25.0,0,581,32.28,0.0,6.0,0%,0.0,63.0,4,1,22,1,0.0,1.0,0.0,0.0,0.0,0.0,0.0,0.0,0,0.0,0.0,0.0,0.0,0.0,0.0,0.0,0.0,29.0,2020/21,Virus,29-Nov-20,25-Dec-20
Josh Dasilva,Midfielder,3,0.0,2.0,50%,0.0,0.0,0.0,0.0,0.0,0.0,2.0,4.0,8.0,2.0,0.0,0.0,0,13,4.33,0.0,6.0,17%,0.0,0.0,0,0,2,0,0.0,0.0,0.0,0.0,0.0,0.0,0.0,0.0,0%,0.0,0.0,0.0,0.0,0.0,0.0,0.0,0.0,23.0,2023/24,Knee surgery,5-Feb-24,15-Mar-25
Jordan Pickford,Goalkeeper,31,10.0,0.0,0,0.0,0.0,0.0,0.0,0.0,0.0,0.0,0.0,0.0,0.0,0.0,0.0,0,998,32.19,0.0,0.0,0,0.0,263.0,1,0,1,0,0.0,0.0,0.0,0.0,0.0,0.0,0.0,0.0,0,90.0,0.0,23.0,13.0,2.0,10.0,151.0,198.0,26.0,2020/21,chest injury,28-Jan-21,18-Feb-21
Nathan Collins,Defender,32,7.0,38.0,53%,1.0,2.0,44.0,129.0,70.0,0.0,136.0,145.0,72.0,11.0,73.0,35.0,1,"1,468",45.88,0.0,4.0,25%,2.0,69.0,3,0,12,1,1.0,0.0,0.0,0.0,0.0,0.0,0.0,0.0,0,0.0,0.0,0.0,0.0,0.0,0.0,0.0,0.0,23.0,2023/24,unknown injury,17-May-24,26-Jun-24
Fabian Delph,Midfielder,8,0.0,5.0,40%,0.0,0.0,4.0,7.0,0.0,0.0,22.0,19.0,8.0,7.0,0.0,0.0,0,217,27.13,0.0,7.0,0%,0.0,8.0,1,0,3,0,0.0,0.0,0.0,0.0,0.0,0.0,1.0,0.0,0%,0.0,0.0,0.0,0.0,0.0,0.0,0.0,0.0,30.0,2020/21,hamstring injury,6-Dec-20,3-Feb-21
Djibril Sidibé,Defender,25,4.0,83.0,53%,2.0,5.0,40.0,33.0,15.0,0.0,148.0,144.0,106.0,14.0,30.0,32.0,4,948,37.92,4.0,68.0,26%,5.0,54.0,3,0,24,0,0.0,0.0,0.0,0.0,0.0,0.0,0.0,0.0,0,0.0,0.0,0.0,0.0,0.0,0.0,0.0,0.0,27.0,2019/20,foot injury,21-Jun-20,1-Jul-20
Harry Maguire,Defender,30,6.0,34.0,62%,2.0,4.0,32.0,100.0,57.0,0.0,148.0,132.0,67.0,4.0,75.0,28.0,0,"1,563",52.1,0.0,2.0,0%,0.0,120.0,7,1,21,1,1.0,0.0,0.0,2.0,0.0,0.0,0.0,0.0,0,0.0,0.0,0.0,0.0,0.0,0.0,0.0,0.0,28.0,2021/22,Calf injury,25-Sep-21,15-Oct-21
Paul Pogba,Midfielder,26,0.0,36.0,72%,0.0,9.0,26.0,37.0,24.0,0.0,148.0,173.0,167.0,44.0,55.0,33.0,3,"1,333",51.27,0.0,22.0,9%,4.0,97.0,3,0,41,3,0.0,2.0,1.0,0.0,0.12,0.0,31.0,11.0,35%,0.0,0.0,0.0,0.0,0.0,0.0,0.0,0.0,28.0,2020/21,Ankle injury,16-Nov-20,3-Dec-20
Javier Manquillo,Defender,21,6.0,39.0,67%,0.0,1.0,18.0,48.0,20.0,0.0,83.0,79.0,61.0,13.0,16.0,16.0,1,475,22.62,0.0,45.0,11%,0.0,17.0,5,0,18,0,0.0,0.0,0.0,0.0,0.0,0.0,0.0,0.0,0,0.0,0.0,0.0,0.0,0.0,0.0,0.0,0.0,26.0,2019/20,Hamstring strain,2-Jan-20,28-Feb-20
Emil Krafth,Defender,17,2.0,18.0,67%,0.0,1.0,8.0,40.0,22.0,0.0,43.0,36.0,28.0,4.0,8.0,9.0,1,329,19.35,1.0,20.0,5%,0.0,10.0,0,0,4,0,0.0,0.0,0.0,0.0,0.0,0.0,0.0,0.0,0,0.0,0.0,0.0,0.0,0.0,0.0,0.0,0.0,25.0,2019/20,Ankle injury,21-Jan-20,20-Jun-20
Dwight Gayle,Forward,20,0.0,12.0,0,0.0,5.0,2.0,9.0,8.0,0.0,0.0,0.0,0.0,0.0,0.0,0.0,2,145,7.25,2.0,3.0,0,0.0,0.0,2,0,6,4,0.0,3.0,1.0,1.0,0.2,0.0,23.0,10.0,43%,0.0,0.0,0.0,0.0,0.0,0.0,0.0,0.0,30.0,2019/20,Calf injury,8-Aug-19,5-Oct-19
Lucas Digne,Defender,29,7.0,46.0,63%,0.0,7.0,37.0,62.0,36.0,1.0,160.0,129.0,121.0,11.0,49.0,36.0,4,"1,109",38.24,0.0,172.0,24%,1.0,23.0,6,0,33,0,0.0,0.0,0.0,0.0,0.0,0.0,0.0,0.0,0,0.0,0.0,0.0,0.0,0.0,0.0,0.0,0.0,28.0,2021/22,Hamstring injury,14-Mar-22,21-Mar-22
Luke Shaw,Defender,20,3.0,21.0,62%,0.0,1.0,9.0,17.0,9.0,0.0,95.0,64.0,75.0,7.0,20.0,15.0,3,924,46.2,0.0,109.0,27%,3.0,31.0,8,0,32,0,0.0,0.0,0.0,0.0,0.0,0.0,0.0,0.0,0,0.0,0.0,0.0,0.0,0.0,0.0,0.0,0.0,26.0,2021/22,Hamstring injury,18-Jan-22,31-Jan-22
Pablo Marí,Defender,10,4.0,15.0,60%,0.0,1.0,9.0,29.0,15.0,0.0,36.0,47.0,34.0,3.0,27.0,22.0,0,629,62.9,0.0,0.0,0%,0.0,18.0,2,0,8,0,0.0,0.0,0.0,0.0,0.0,0.0,0.0,0.0,0,0.0,0.0,0.0,0.0,0.0,0.0,0.0,0.0,27.0,2020/21,Ankle injury,15-Jun-20,3-Dec-20
Joelinton,Forward,20,0.0,39.0,0,0.0,4.0,19.0,10.0,9.0,0.0,0.0,0.0,0.0,0.0,0.0,0.0,1,616,30.8,0.0,2.0,0,0.0,0.0,6,0,28,2,0.0,2.0,0.0,1.0,0.1,0.0,19.0,9.0,47%,0.0,0.0,0.0,0.0,0.0,0.0,0.0,0.0,27.0,2023/24,Hamstring injury,16-Dec-23,25-Dec-23
Lucas Digne,Defender,35,7.0,73.0,67%,0.0,15.0,42.0,93.0,47.0,0.0,182.0,237.0,167.0,23.0,114.0,53.0,7,"1,374",39.26,8.0,270.0,27%,2.0,64.0,6,0,43,0,0.0,0.0,0.0,1.0,0.0,0.0,0.0,0.0,0,0.0,0.0,0.0,0.0,0.0,0.0,0.0,0.0,26.0,2019/20,calf injury,9-Feb-20,7-Mar-20
William Saliba,Defender,27,11.0,34.0,59%,0.0,0.0,19.0,82.0,42.0,0.0,206.0,109.0,71.0,9.0,53.0,43.0,1,"1,864",69.04,0.0,1.0,100%,0.0,64.0,4,0,19,2,1.0,0.0,1.0,0.0,0.0,0.0,0.0,0.0,0,0.0,0.0,0.0,0.0,0.0,0.0,0.0,0.0,22.0,2022/23,Back injury,16-Mar-23,1-Jul-23
Jonjo Shelvey,Midfielder,30,0.0,39.0,36%,0.0,14.0,36.0,40.0,18.0,0.0,181.0,96.0,91.0,20.0,28.0,23.0,3,"1,401",46.7,0.0,94.0,23%,1.0,173.0,7,0,31,1,0.0,1.0,0.0,1.0,0.03,0.0,42.0,9.0,21%,0.0,0.0,0.0,0.0,0.0,0.0,0.0,0.0,29.0,2020/21,Groin injury,19-Oct-20,20-Nov-20
Maxwel Cornet,Forward,26,0.0,16.0,0,0.0,9.0,10.0,13.0,8.0,0.0,0.0,0.0,0.0,0.0,0.0,0.0,1,377,14.5,0.0,55.0,0,0.0,0.0,2,0,20,9,1.0,2.0,6.0,0.0,0.35,0.0,47.0,22.0,47%,0.0,0.0,0.0,0.0,0.0,0.0,0.0,0.0,25.0,2021/22,knee problems,22-Apr-22,5-May-22
Keane Lewis-Potter,Forward,10,0.0,1.0,0,0.0,3.0,0.0,2.0,1.0,0.0,0.0,0.0,0.0,0.0,0.0,0.0,1,76,7.6,0.0,8.0,0,0.0,0.0,0,0,1,0,0.0,0.0,0.0,0.0,0.0,0.0,7.0,2.0,29%,0.0,0.0,0.0,0.0,0.0,0.0,0.0,0.0,22.0,2022/23,Knee injury,5-Mar-23,2-May-23
Giovani Lo Celso,Midfielder,9,0.0,8.0,50%,0.0,1.0,1.0,0.0,0.0,0.0,11.0,23.0,20.0,9.0,0.0,3.0,0,150,16.67,0.0,10.0,20%,0.0,6.0,0,0,2,0,0.0,0.0,0.0,1.0,0.0,0.0,9.0,1.0,11%,0.0,0.0,0.0,0.0,0.0,0.0,0.0,0.0,25.0,2021/22,Knee injury,"Nov 18,2021","Dec 15,2021"
Ciaran Clark,Defender,22,3.0,24.0,58%,0.0,2.0,29.0,99.0,51.0,0.0,105.0,108.0,66.0,4.0,69.0,41.0,0,790,35.91,0.0,0.0,0%,0.0,39.0,3,0,16,1,1.0,0.0,0.0,0.0,0.0,0.0,0.0,0.0,0,0.0,0.0,0.0,0.0,0.0,0.0,0.0,0.0,31.0,2020/21,Knock,4-Feb-21,14-Feb-21
Mohamed Elneny,Midfielder,5,0.0,1.0,100%,0.0,0.0,0.0,0.0,0.0,0.0,10.0,2.0,3.0,0.0,0.0,2.0,0,60,12.0,0.0,0.0,0%,0.0,4.0,0,0,1,0,0.0,0.0,0.0,0.0,0.0,0.0,0.0,0.0,0%,0.0,0.0,0.0,0.0,0.0,0.0,0.0,0.0,30.0,2022/23,Thigh problems,27-Aug-22,1-Nov-22
Josh Dasilva,Midfielder,3,0.0,2.0,50%,0.0,0.0,0.0,0.0,0.0,0.0,2.0,4.0,8.0,2.0,0.0,0.0,0,13,4.33,0.0,6.0,17%,0.0,0.0,0,0,2,0,0.0,0.0,0.0,0.0,0.0,0.0,0.0,0.0,0%,0.0,0.0,0.0,0.0,0.0,0.0,0.0,0.0,23.0,2023/24,Hamstring injury,19-Aug-23,4-Jan-24
Allan,Midfielder,24,0.0,80.0,56%,0.0,1.0,19.0,23.0,8.0,0.0,187.0,145.0,151.0,31.0,5.0,11.0,0,"1,055",43.96,0.0,4.0,25%,1.0,57.0,6,0,37,0,0.0,0.0,0.0,0.0,0.0,0.0,7.0,2.0,29%,0.0,0.0,0.0,0.0,0.0,0.0,0.0,0.0,29.0,2020/21,muscle injury,17-Dec-20,13-Feb-21
Anthony Martial,Forward,32,0.0,15.0,0,0.0,21.0,5.0,15.0,10.0,0.0,0.0,0.0,0.0,0.0,0.0,0.0,6,712,22.25,8.0,11.0,0,0.0,0.0,1,0,28,17,2.0,12.0,3.0,2.0,0.53,0.0,80.0,40.0,50%,0.0,0.0,0.0,0.0,0.0,0.0,0.0,0.0,24.0,2019/20,Hamstring strain,25-Aug-19,20-Oct-19
DeAndre Yedlin,Defender,16,1.0,18.0,72%,0.0,0.0,10.0,16.0,6.0,1.0,38.0,36.0,39.0,1.0,8.0,13.0,0,246,15.38,0.0,28.0,21%,0.0,13.0,3,0,8,1,1.0,0.0,0.0,0.0,0.0,0.0,0.0,0.0,0,0.0,0.0,0.0,0.0,0.0,0.0,0.0,0.0,26.0,2019/20,Hip injury,27-Nov-19,10-Dec-19
Chris Wood,Forward,32,0.0,7.0,0,0.0,8.0,4.0,18.0,14.0,0.0,0.0,0.0,0.0,0.0,0.0,0.0,1,460,14.38,1.0,8.0,0,0.0,0.0,1,0,34,14,5.0,4.0,5.0,0.0,0.44,1.0,65.0,31.0,48%,0.0,0.0,0.0,0.0,0.0,0.0,0.0,0.0,27.0,2019/20,hamstring injury,20-Oct-19,8-Nov-19
Bukayo Saka,Forward,35,0.0,66.0,0,0.0,44.0,15.0,19.0,6.0,0.0,0.0,0.0,0.0,0.0,0.0,0.0,9,"1,310",37.43,0.0,181.0,0,0.0,0.0,4,0,41,16,1.0,4.0,11.0,3.0,0.46,6.0,108.0,37.0,34%,0.0,0.0,0.0,0.0,0.0,0.0,0.0,0.0,22.0,2023/24,Thigh problems,3-Oct-23,21-Oct-23
Phil Bardsley,Defender,21,9.0,49.0,73%,0.0,4.0,30.0,66.0,36.0,1.0,80.0,102.0,77.0,4.0,38.0,26.0,1,658,31.33,3.0,33.0,18%,3.0,49.0,6,0,35,0,0.0,0.0,0.0,0.0,0.0,0.0,0.0,0.0,0,0.0,0.0,0.0,0.0,0.0,0.0,0.0,0.0,34.0,2019/20,back injury,20-Jan-20,1-Feb-20
Luke Shaw,Defender,20,3.0,21.0,62%,0.0,1.0,9.0,17.0,9.0,0.0,95.0,64.0,75.0,7.0,20.0,15.0,3,924,46.2,0.0,109.0,27%,3.0,31.0,8,0,32,0,0.0,0.0,0.0,0.0,0.0,0.0,0.0,0.0,0,0.0,0.0,0.0,0.0,0.0,0.0,0.0,0.0,26.0,2021/22,Head injury,20-Nov-21,7-Dec-21
Álex Moreno,Defender,21,2.0,18.0,67%,0.0,1.0,13.0,33.0,18.0,0.0,40.0,53.0,50.0,15.0,4.0,10.0,0,407,19.38,0.0,37.0,11%,0.0,13.0,2,0,11,2,1.0,0.0,1.0,0.0,0.0,0.0,0.0,0.0,0,0.0,0.0,0.0,0.0,0.0,0.0,0.0,0.0,31.0,2023/24,minor knock,15-Apr-24,31-May-24
Ben Mee,Defender,32,13.0,41.0,54%,0.0,4.0,42.0,160.0,80.0,0.0,176.0,195.0,125.0,6.0,131.0,90.0,1,"1,257",39.28,3.0,3.0,33%,0.0,102.0,7,0,25,1,1.0,0.0,0.0,1.0,0.0,0.0,0.0,0.0,0,0.0,0.0,0.0,0.0,0.0,0.0,0.0,0.0,30.0,2019/20,hamstring strain,3-Jul-20,5-Nov-20
Yerry Mina,Defender,13,2.0,12.0,83%,0.0,0.0,11.0,37.0,29.0,1.0,45.0,51.0,25.0,0.0,30.0,16.0,0,356,27.38,0.0,3.0,33%,0.0,22.0,3,0,5,0,0.0,0.0,0.0,0.0,0.0,0.0,0.0,0.0,0,0.0,0.0,0.0,0.0,0.0,0.0,0.0,0.0,27.0,2021/22,hamstring injury,8-Feb-22,11-Apr-22
Bernard,Forward,27,0.0,32.0,0,0.0,5.0,16.0,7.0,2.0,0.0,0.0,0.0,0.0,0.0,0.0,0.0,2,540,20.0,3.0,36.0,0,0.0,0.0,2,0,19,3,0.0,3.0,0.0,1.0,0.11,0.0,12.0,5.0,42%,0.0,0.0,0.0,0.0,0.0,0.0,0.0,0.0,27.0,2019/20,knee injury,27-Oct-19,30-Nov-19
Dominic Calvert-Lewin,Forward,33,0.0,17.0,0,0.0,11.0,6.0,33.0,31.0,0.0,0.0,0.0,0.0,0.0,0.0,0.0,0,675,20.45,0.0,9.0,0,0.0,0.0,3,0,37,16,7.0,8.0,1.0,1.0,0.48,0.0,83.0,46.0,55%,0.0,0.0,0.0,0.0,0.0,0.0,0.0,0.0,23.0,2020/21,hamstring injury,11-Feb-21,19-Feb-21
Alex Iwobi,Forward,25,0.0,25.0,0,0.0,5.0,14.0,10.0,5.0,0.0,0.0,0.0,0.0,0.0,0.0,0.0,0,557,22.28,2.0,48.0,0,0.0,0.0,0,0,12,1,1.0,0.0,0.0,2.0,0.04,0.0,23.0,10.0,43%,0.0,0.0,0.0,0.0,0.0,0.0,0.0,0.0,23.0,2019/20,hamstring injury,23-Dec-19,27-Jan-20
Keane Lewis-Potter,Forward,10,0.0,1.0,0,0.0,3.0,0.0,2.0,1.0,0.0,0.0,0.0,0.0,0.0,0.0,0.0,1,76,7.6,0.0,8.0,0,0.0,0.0,0,0,1,0,0.0,0.0,0.0,0.0,0.0,0.0,7.0,2.0,29%,0.0,0.0,0.0,0.0,0.0,0.0,0.0,0.0,22.0,2022/23,Fitness,11-Oct-22,31-Oct-22
Giovani Lo Celso,Midfielder,22,0.0,22.0,59%,0.0,4.0,5.0,2.0,1.0,0.0,46.0,57.0,32.0,8.0,1.0,5.0,2,483,21.95,0.0,13.0,38%,2.0,18.0,2,0,12,2,0.0,0.0,2.0,1.0,0.09,0.0,13.0,6.0,46%,0.0,0.0,0.0,0.0,0.0,0.0,0.0,0.0,28.0,2023/24,Knee injury,"May 15,2024","May 20,2024"
Kristoffer Ajer,Defender,28,2.0,38.0,55%,0.0,3.0,25.0,78.0,36.0,0.0,60.0,121.0,69.0,10.0,65.0,23.0,1,722,25.79,0.0,22.0,23%,1.0,31.0,5,0,25,2,1.0,1.0,0.0,0.0,0.0,0.0,0.0,0.0,0,0.0,0.0,0.0,0.0,0.0,0.0,0.0,0.0,26.0,2023/24,Calf strain,6-Apr-24,20-Apr-24
Paul Pogba,Midfielder,26,0.0,36.0,72%,0.0,9.0,26.0,37.0,24.0,0.0,148.0,173.0,167.0,44.0,55.0,33.0,3,"1,333",51.27,0.0,22.0,9%,4.0,97.0,3,0,41,3,0.0,2.0,1.0,0.0,0.12,0.0,31.0,11.0,35%,0.0,0.0,0.0,0.0,0.0,0.0,0.0,0.0,28.0,2020/21,Hamstring injury,4-Feb-21,18-Mar-21
Allan Saint-Maximin,Forward,25,0.0,10.0,0,0.0,9.0,5.0,0.0,0.0,0.0,0.0,0.0,0.0,0.0,0.0,0.0,5,405,16.2,0.0,32.0,0,0.0,0.0,1,0,6,1,0.0,1.0,0.0,1.0,0.04,0.0,28.0,13.0,46%,0.0,0.0,0.0,0.0,0.0,0.0,0.0,0.0,26.0,2022/23,Hamstring injury,6-Apr-23,5-May-23
Bryan Gil,Forward,9,0.0,3.0,0,0.0,0.0,0.0,0.0,0.0,0.0,0.0,0.0,0.0,0.0,0.0,0.0,0,56,6.22,0.0,6.0,0,0.0,0.0,0,0,1,0,0.0,0.0,0.0,0.0,0.0,0.0,1.0,1.0,100%,0.0,0.0,0.0,0.0,0.0,0.0,0.0,0.0,20.0,2021/22,Hamstring injury,"Oct 25,2021","Nov 18,2021"
Kieran Trippier,Defender,28,4.0,57.0,47%,1.0,2.0,24.0,47.0,31.0,0.0,162.0,125.0,99.0,16.0,31.0,17.0,10,"1,714",61.21,0.0,212.0,33%,1.0,79.0,5,0,27,1,0.0,0.0,1.0,2.0,0.0,0.0,0.0,0.0,0,0.0,0.0,0.0,0.0,0.0,0.0,0.0,0.0,33.0,2023/24,Groin injury,26-Dec-23,5-Jan-24
Jhon Durán,Forward,23,0.0,6.0,0,0.0,3.0,1.0,9.0,6.0,0.0,0.0,0.0,0.0,0.0,0.0,0.0,0,114,4.96,0.0,6.0,0,0.0,0.0,5,0,12,5,0.0,0.0,5.0,1.0,0.22,0.0,20.0,7.0,35%,0.0,0.0,0.0,0.0,0.0,0.0,0.0,0.0,20.0,2023/24,infection,28-Oct-23,6-Nov-23
Andros Townsend,Midfielder,21,0.0,31.0,55%,0.0,5.0,14.0,4.0,2.0,0.0,80.0,103.0,91.0,26.0,7.0,18.0,2,393,18.71,0.0,96.0,29%,1.0,7.0,3,0,10,3,0.0,1.0,2.0,0.0,0.14,1.0,21.0,10.0,48%,0.0,0.0,0.0,0.0,0.0,0.0,0.0,0.0,30.0,2021/22,broken foot,14-Dec-21,6-Jan-22
Axel Tuanzebe,Defender,9,0.0,13.0,54%,0.0,0.0,3.0,15.0,6.0,0.0,30.0,21.0,15.0,0.0,6.0,5.0,0,263,29.22,0.0,0.0,0%,0.0,17.0,2,0,6,0,0.0,0.0,0.0,0.0,0.0,0.0,0.0,0.0,0,0.0,0.0,0.0,0.0,0.0,0.0,0.0,0.0,23.0,2020/21,Ankle injury,18-Jun-20,19-Oct-20
Mohamed Elneny,Midfielder,23,0.0,14.0,43%,0.0,2.0,24.0,20.0,7.0,0.0,92.0,35.0,62.0,4.0,8.0,24.0,0,"1,010",43.91,0.0,2.0,0%,0.0,37.0,3,0,10,1,0.0,1.0,0.0,1.0,0.04,0.0,9.0,3.0,33%,0.0,0.0,0.0,0.0,0.0,0.0,0.0,0.0,28.0,2020/21,Virus,16-Nov-20,28-Nov-20
Thomas Partey,Midfielder,24,0.0,44.0,48%,0.0,7.0,23.0,15.0,6.0,0.0,140.0,112.0,83.0,28.0,23.0,18.0,2,"1,140",47.5,0.0,6.0,0%,2.0,65.0,5,0,18,0,0.0,0.0,0.0,1.0,0.0,0.0,26.0,4.0,15%,0.0,0.0,0.0,0.0,0.0,0.0,0.0,0.0,28.0,2020/21,Hamstring injury,4-Feb-21,22-Feb-21
Anthony Martial,Forward,8,0.0,0.0,0,0.0,0.0,0.0,1.0,0.0,0.0,0.0,0.0,0.0,0.0,0.0,0.0,0,82,10.25,0.0,4.0,0,0.0,0.0,0,0,0,1,0.0,1.0,0.0,0.0,0.13,0.0,5.0,3.0,60%,0.0,0.0,0.0,0.0,0.0,0.0,0.0,0.0,26.0,2021/22,Fitness,15-Oct-21,29-Oct-21
Giovani Lo Celso,Midfielder,22,0.0,22.0,59%,0.0,4.0,5.0,2.0,1.0,0.0,46.0,57.0,32.0,8.0,1.0,5.0,2,483,21.95,0.0,13.0,38%,2.0,18.0,2,0,12,2,0.0,0.0,2.0,1.0,0.09,0.0,13.0,6.0,46%,0.0,0.0,0.0,0.0,0.0,0.0,0.0,0.0,27.0,2023/24,Hamstring injury,"Aug 29,2023","Oct 5,2023"
Josh Brownhill,Midfielder,35,0.0,73.0,51%,0.0,10.0,68.0,40.0,17.0,0.0,199.0,155.0,133.0,15.0,47.0,32.0,3,"1,124",32.11,0.0,53.0,36%,1.0,60.0,10,0,39,2,0.0,1.0,1.0,0.0,0.06,0.0,29.0,9.0,31%,0.0,0.0,0.0,0.0,0.0,0.0,0.0,0.0,26.0,2021/22,Coronavirus,13-Dec-21,6-Jan-22
Vitinho,Defender,32,2.0,64.0,53%,1.0,12.0,12.0,43.0,16.0,0.0,109.0,136.0,143.0,25.0,20.0,22.0,2,756,23.63,0.0,56.0,9%,4.0,26.0,1,0,27,0,0.0,0.0,0.0,0.0,0.0,0.0,0.0,0.0,0,0.0,0.0,0.0,0.0,0.0,0.0,0.0,0.0,24.0,2023/24,knee injury,30-Aug-23,25-Sep-23
Giovani Lo Celso,Midfielder,22,0.0,22.0,59%,0.0,4.0,5.0,2.0,1.0,0.0,46.0,57.0,32.0,8.0,1.0,5.0,2,483,21.95,0.0,13.0,38%,2.0,18.0,2,0,12,2,0.0,0.0,2.0,1.0,0.09,0.0,13.0,6.0,46%,0.0,0.0,0.0,0.0,0.0,0.0,0.0,0.0,27.0,2023/24,Unknown injury,"Dec 14,2023","Dec 22,2024"
Thomas Partey,Midfielder,24,0.0,43.0,67%,0.0,14.0,23.0,34.0,11.0,0.0,153.0,118.0,109.0,35.0,24.0,26.0,1,"1,205",50.21,0.0,3.0,0%,9.0,72.0,5,0,33,2,1.0,0.0,0.0,2.0,0.08,0.0,44.0,10.0,23%,0.0,0.0,0.0,0.0,0.0,0.0,0.0,0.0,29.0,2021/22,Ankle injury,29-Jul-21,30-Aug-21
Miguel Almirón,Midfielder,34,0.0,46.0,65%,0.0,25.0,10.0,13.0,6.0,0.0,139.0,119.0,116.0,34.0,6.0,10.0,2,932,27.41,0.0,26.0,19%,3.0,13.0,2,0,22,11,0.0,1.0,10.0,3.0,0.32,0.0,69.0,21.0,30%,0.0,0.0,0.0,0.0,0.0,0.0,0.0,0.0,29.0,2022/23,Thigh problems,15-Mar-23,15-Apr-23
Matt Doherty,Defender,15,2.0,18.0,67%,0.0,5.0,13.0,19.0,16.0,0.0,48.0,44.0,34.0,6.0,16.0,8.0,4,452,30.13,0.0,20.0,30%,4.0,14.0,0,0,11,2,1.0,1.0,0.0,0.0,0.0,0.0,0.0,0.0,0,0.0,0.0,0.0,0.0,0.0,0.0,0.0,0.0,30.0,2021/22,Internal ligament tear,"Apr 10,2022","Jul 10,2022"
Pablo Marí,Defender,10,4.0,15.0,60%,0.0,1.0,9.0,29.0,15.0,0.0,36.0,47.0,34.0,3.0,27.0,22.0,0,629,62.9,0.0,0.0,0%,0.0,18.0,2,0,8,0,0.0,0.0,0.0,0.0,0.0,0.0,0.0,0.0,0,0.0,0.0,0.0,0.0,0.0,0.0,0.0,0.0,27.0,2020/21,Calf injury,14-Jan-21,8-Feb-21
Ciaran Clark,Defender,22,3.0,24.0,58%,0.0,2.0,29.0,99.0,51.0,0.0,105.0,108.0,66.0,4.0,69.0,41.0,0,790,35.91,0.0,0.0,0%,0.0,39.0,3,0,16,1,1.0,0.0,0.0,0.0,0.0,0.0,0.0,0.0,0,0.0,0.0,0.0,0.0,0.0,0.0,0.0,0.0,31.0,2020/21,Calf injury,19-Jan-21,29-Jan-21
Sead Kolasinac,Defender,26,3.0,29.0,55%,0.0,1.0,25.0,33.0,26.0,0.0,103.0,88.0,66.0,16.0,28.0,19.0,2,900,34.62,2.0,29.0,21%,0.0,21.0,4,0,20,0,0.0,0.0,0.0,0.0,0.0,0.0,0.0,0.0,0,0.0,0.0,0.0,0.0,0.0,0.0,0.0,0.0,27.0,2019/20,Hamstring injury,17-Nov-19,30-Nov-19
Nick Pope,Goalkeeper,32,11.0,0.0,0,0.0,0.0,0.0,0.0,0.0,0.0,0.0,0.0,0.0,0.0,0.0,0.0,0,839,26.22,0.0,0.0,0,0.0,279.0,1,0,2,0,0.0,0.0,0.0,0.0,0.0,0.0,0.0,0.0,0,114.0,0.0,11.0,31.0,4.0,28.0,136.0,251.0,28.0,2020/21,head injury,27-Nov-20,4-Dec-20
Marcus Rashford,Forward,35,0.0,20.0,0,0.0,27.0,7.0,13.0,11.0,0.0,0.0,0.0,0.0,0.0,0.0,0.0,5,779,22.26,0.0,24.0,0,0.0,0.0,2,0,15,17,3.0,11.0,3.0,2.0,0.49,0.0,108.0,50.0,46%,0.0,0.0,0.0,0.0,0.0,0.0,0.0,0.0,25.0,2022/23,Leg injury,11-May-23,24-May-23
Alexandre Lacazette,Forward,31,0.0,18.0,0,0.0,5.0,12.0,13.0,11.0,0.0,0.0,0.0,0.0,0.0,0.0,0.0,2,514,16.58,0.0,3.0,0,0.0,0.0,3,0,37,13,2.0,8.0,3.0,1.0,0.42,3.0,45.0,29.0,64%,0.0,0.0,0.0,0.0,0.0,0.0,0.0,0.0,29.0,2020/21,Dead leg,18-Apr-21,6-May-21
Nick Pope,Goalkeeper,36,9.0,0.0,0,0.0,0.0,0.0,0.0,0.0,0.0,0.0,0.0,0.0,0.0,0.0,0.0,0,929,25.81,0.0,0.0,0,0.0,331.0,1,0,0,0,0.0,0.0,0.0,0.0,0.0,0.0,0.0,0.0,0,121.0,0.0,16.0,42.0,4.0,28.0,147.0,283.0,29.0,2021/22,Coronavirus,29-Dec-21,6-Jan-22
Maxwel Cornet,Forward,26,0.0,16.0,0,0.0,9.0,10.0,13.0,8.0,0.0,0.0,0.0,0.0,0.0,0.0,0.0,1,377,14.5,0.0,55.0,0,0.0,0.0,2,0,20,9,1.0,2.0,6.0,0.0,0.35,0.0,47.0,22.0,47%,0.0,0.0,0.0,0.0,0.0,0.0,0.0,0.0,25.0,2021/22,hamstring injury,4-Dec-21,31-Dec-21
Matt Targett,Defender,28,4.0,52.0,56%,0.0,1.0,56.0,68.0,31.0,0.0,122.0,113.0,121.0,8.0,37.0,38.0,2,947,33.82,8.0,81.0,27%,3.0,49.0,4,0,27,1,0.0,0.0,1.0,0.0,0.0,0.0,0.0,0.0,0,0.0,0.0,0.0,0.0,0.0,0.0,0.0,0.0,24.0,2019/20,Hamstring injury,31-Dec-19,17-Jan-20
Jesse Lingard,Midfielder,22,0.0,15.0,53%,0.0,10.0,3.0,0.0,0.0,0.0,37.0,41.0,72.0,13.0,2.0,12.0,0,391,17.77,1.0,7.0,0%,4.0,4.0,3,0,28,1,0.0,0.0,1.0,0.0,0.05,0.0,22.0,6.0,27%,0.0,0.0,0.0,0.0,0.0,0.0,0.0,0.0,27.0,2019/20,Ill,7-Sep-19,18-Sep-19
John McGinn,Midfielder,34,0.0,66.0,55%,0.0,13.0,24.0,15.0,4.0,0.0,176.0,199.0,148.0,45.0,22.0,21.0,3,970,28.53,0.0,50.0,26%,11.0,64.0,7,0,41,1,0.0,0.0,1.0,1.0,0.03,0.0,42.0,11.0,26%,0.0,0.0,0.0,0.0,0.0,0.0,0.0,0.0,28.0,2022/23,Hamstring strain,1-Jan-23,4-Feb-23
Dele Alli,Midfielder,25,0.0,34.0,47%,0.0,7.0,17.0,14.0,8.0,0.0,103.0,115.0,150.0,29.0,19.0,40.0,4,810,32.4,6.0,7.0,0%,4.0,17.0,2,0,12,8,0.0,6.0,2.0,0.0,0.32,1.0,42.0,19.0,45%,0.0,0.0,0.0,0.0,0.0,0.0,0.0,0.0,24.0,2019/20,Muscle injury,"Jul 3,2020","Jul 25,2020"
Aaron Hickey,Defender,9,0.0,16.0,56%,0.0,2.0,3.0,10.0,8.0,0.0,42.0,38.0,29.0,5.0,2.0,9.0,0,252,28.0,0.0,5.0,0%,1.0,9.0,5,0,10,0,0.0,0.0,0.0,0.0,0.0,0.0,0.0,0.0,0,0.0,0.0,0.0,0.0,0.0,0.0,0.0,0.0,22.0,2023/24,Hamstring injury,2-Nov-23,2-Apr-25
Takehiro Tomiyasu,Defender,22,3.0,20.0,45%,0.0,6.0,18.0,30.0,16.0,0.0,54.0,57.0,50.0,4.0,26.0,20.0,1,608,27.64,0.0,14.0,36%,2.0,16.0,0,1,14,2,0.0,2.0,0.0,0.0,0.0,0.0,0.0,0.0,0,0.0,0.0,0.0,0.0,0.0,0.0,0.0,0.0,25.0,2023/24,Calf injury,3-Dec-23,20-Mar-24
Alexandre Lacazette,Forward,30,0.0,31.0,0,0.0,8.0,7.0,14.0,10.0,0.0,0.0,0.0,0.0,0.0,0.0,0.0,4,505,16.83,4.0,15.0,0,0.0,0.0,8,0,44,10,1.0,8.0,1.0,1.0,0.33,0.0,52.0,26.0,50%,0.0,0.0,0.0,0.0,0.0,0.0,0.0,0.0,29.0,2019/20,Ankle injury,2-Sep-19,20-Oct-19
Aaron Wan-Bissaka,Defender,19,7.0,40.0,63%,1.0,7.0,22.0,35.0,18.0,0.0,73.0,72.0,58.0,17.0,13.0,17.0,0,705,37.11,0.0,14.0,21%,2.0,17.0,2,0,11,0,0.0,0.0,0.0,0.0,0.0,0.0,0.0,0.0,0,0.0,0.0,0.0,0.0,0.0,0.0,0.0,0.0,24.0,2022/23,Back problems,12-Sep-22,25-Oct-22
Paul Pogba,Midfielder,16,0.0,20.0,45%,0.0,5.0,7.0,10.0,7.0,0.0,109.0,94.0,85.0,27.0,29.0,11.0,3,"1,034",64.63,3.0,6.0,17%,10.0,94.0,1,0,26,1,0.0,1.0,0.0,0.0,0.06,0.0,22.0,8.0,36%,0.0,0.0,0.0,0.0,0.0,0.0,0.0,0.0,27.0,2019/20,Ankle problems,26-Dec-19,8-Jun-20
Ben Mee,Defender,30,9.0,32.0,47%,0.0,1.0,43.0,148.0,81.0,1.0,170.0,163.0,99.0,4.0,110.0,66.0,0,"1,122",37.4,0.0,0.0,0%,0.0,110.0,3,0,15,2,2.0,0.0,0.0,1.0,0.0,0.0,0.0,0.0,0,0.0,0.0,0.0,0.0,0.0,0.0,0.0,0.0,31.0,2020/21,head injury,14-Feb-21,21-Feb-21
Jean-Philippe Gbamin,Midfielder,2,0.0,4.0,75%,0.0,0.0,1.0,4.0,3.0,0.0,8.0,11.0,10.0,2.0,3.0,2.0,0,70,35.0,0.0,0.0,0%,0.0,2.0,0,0,2,0,0.0,0.0,0.0,0.0,0.0,0.0,0.0,0.0,0%,0.0,0.0,0.0,0.0,0.0,0.0,0.0,0.0,24.0,2019/20,"hamstring injury, archilles tendon rupture and inner ligament injury",18-Aug-19,30-Jun-21
Shandon Baptiste,Midfielder,10,0.0,4.0,100%,0.0,0.0,3.0,5.0,3.0,0.0,17.0,13.0,18.0,6.0,3.0,6.0,1,86,8.6,0.0,3.0,67%,0.0,4.0,1,0,3,1,0.0,1.0,0.0,0.0,0.1,0.0,2.0,2.0,100%,0.0,0.0,0.0,0.0,0.0,0.0,0.0,0.0,24.0,2023/24,Shoulder injury,25-Aug-23,11-Nov-23
Fabian Delph,Midfielder,11,0.0,18.0,83%,0.0,2.0,14.0,10.0,5.0,0.0,61.0,34.0,27.0,5.0,5.0,4.0,0,306,27.82,0.0,1.0,0%,2.0,28.0,2,0,8,0,0.0,0.0,0.0,0.0,0.0,0.0,2.0,0.0,0%,0.0,0.0,0.0,0.0,0.0,0.0,0.0,0.0,31.0,2021/22,hamstring injury,21-Jan-22,5-Apr-22
Elliot Anderson,Midfielder,21,0.0,24.0,75%,0.0,5.0,8.0,20.0,11.0,0.0,60.0,83.0,87.0,21.0,19.0,14.0,2,416,19.81,0.0,19.0,16%,4.0,4.0,3,0,21,0,0.0,0.0,0.0,0.0,0.0,0.0,19.0,5.0,26%,0.0,0.0,0.0,0.0,0.0,0.0,0.0,0.0,18.0,2023/24,Back injury,23-Oct-23,25-Feb-24
Jacob Ramsey,Midfielder,16,0.0,16.0,50%,0.0,4.0,3.0,7.0,2.0,0.0,42.0,41.0,52.0,8.0,5.0,3.0,1,310,19.38,0.0,11.0,18%,3.0,0.0,2,0,7,1,0.0,1.0,0.0,0.0,0.06,0.0,19.0,5.0,26%,0.0,0.0,0.0,0.0,0.0,0.0,0.0,0.0,23.0,2023/24,Foot injury,4-Oct-23,24-Nov-23
Gabriel Martinelli,Forward,36,0.0,31.0,58%,0.0,24.0,9.0,10.0,4.0,0.0,103.0,142.0,226.0,60.0,15.0,64.0,5,977,27.14,0.0,113.0,16%,8.0,36.0,3,0,39,15,3.0,8.0,4.0,3.0,0.42,0.0,79.0,32.0,41%,0.0,0.0,0.0,0.0,0.0,0.0,0.0,0.0,22.0,2022/23,Ankle injury,14-May-23,1-Jun-23
Sean Longstaff,Midfielder,23,0.0,35.0,54%,0.0,7.0,19.0,20.0,7.0,0.0,73.0,85.0,93.0,7.0,17.0,21.0,1,631,27.43,2.0,33.0,24%,1.0,34.0,2,1,17,1,0.0,0.0,1.0,0.0,0.04,0.0,25.0,7.0,28%,0.0,0.0,0.0,0.0,0.0,0.0,0.0,0.0,22.0,2019/20,Hamstring injury,1-Jul-20,25-Jul-20
Donny van de Beek,Midfielder,15,0.0,21.0,52%,0.0,3.0,8.0,5.0,2.0,0.0,42.0,36.0,43.0,4.0,8.0,7.0,0,275,18.33,0.0,6.0,0%,2.0,3.0,1,0,9,2,1.0,0.0,1.0,0.0,0.13,0.0,7.0,2.0,29%,0.0,0.0,0.0,0.0,0.0,0.0,0.0,0.0,24.0,2021/22,thigh problems,31-Mar-22,16-May-22
Jacob Ramsey,Midfielder,16,0.0,16.0,50%,0.0,4.0,3.0,7.0,2.0,0.0,42.0,41.0,52.0,8.0,5.0,3.0,1,310,19.38,0.0,11.0,18%,3.0,0.0,2,0,7,1,0.0,1.0,0.0,0.0,0.06,0.0,19.0,5.0,26%,0.0,0.0,0.0,0.0,0.0,0.0,0.0,0.0,23.0,2023/24,Toe injury,3-Mar-24,Present
Bernd Leno,Goalkeeper,30,7.0,0.0,0,0.0,0.0,0.0,0.0,0.0,0.0,0.0,0.0,0.0,0.0,0.0,0.0,0,800,26.67,0.0,0.0,0,0.0,74.0,2,0,0,0,0.0,0.0,0.0,0.0,0.0,0.0,0.0,0.0,0,113.0,1.0,17.0,17.0,11.0,15.0,185.0,253.0,28.0,2019/20,Ligament stretching,21-Jun-20,27-Aug-20
Joe Willock,Midfielder,29,0.0,64.0,58%,0.0,10.0,21.0,8.0,3.0,0.0,121.0,142.0,151.0,36.0,16.0,24.0,0,544,18.76,0.0,16.0,19%,1.0,17.0,0,0,34,2,0.0,2.0,0.0,0.0,0.07,0.0,35.0,11.0,31%,0.0,0.0,0.0,0.0,0.0,0.0,0.0,0.0,22.0,2021/22,Coronavirus,21-Dec-21,31-Dec-21
Eric Dier,Defender,35,16.0,15.0,60%,0.0,3.0,27.0,141.0,91.0,1.0,131.0,95.0,76.0,1.0,70.0,54.0,0,"2,325",66.43,0.0,1.0,100%,5.0,128.0,1,0,12,0,0.0,0.0,0.0,2.0,0.0,0.0,0.0,0.0,0,0.0,0.0,0.0,0.0,0.0,0.0,0.0,0.0,28.0,2021/22,Thigh Problems,"Jan 3,2022","Jan 20,2022"
Chris Wood,Forward,33,0.0,12.0,0,0.0,14.0,1.0,21.0,16.0,0.0,0.0,0.0,0.0,0.0,0.0,0.0,3,653,19.79,0.0,7.0,0,0.0,0.0,0,0,38,12,2.0,9.0,0.0,3.0,0.36,2.0,70.0,39.0,56%,0.0,0.0,0.0,0.0,0.0,0.0,0.0,0.0,29.0,2020/21,hamstring strain,1-Feb-21,18-Feb-21
Bernard,Forward,27,0.0,32.0,0,0.0,5.0,16.0,7.0,2.0,0.0,0.0,0.0,0.0,0.0,0.0,0.0,2,540,20.0,3.0,36.0,0,0.0,0.0,2,0,19,3,0.0,3.0,0.0,1.0,0.11,0.0,12.0,5.0,42%,0.0,0.0,0.0,0.0,0.0,0.0,0.0,0.0,27.0,2019/20,ill,26-Sep-19,4-Oct-19
Richarlison,Forward,30,0.0,40.0,0,0.0,26.0,12.0,33.0,24.0,0.0,0.0,0.0,0.0,0.0,0.0,0.0,5,524,17.47,0.0,38.0,0,0.0,0.0,9,0,36,10,2.0,6.0,2.0,2.0,0.33,3.0,72.0,23.0,32%,0.0,0.0,0.0,0.0,0.0,0.0,0.0,0.0,24.0,2021/22,knee injury,13-Sep-21,22-Oct-21
Morgan Schneiderlin,Midfielder,15,0.0,31.0,71%,0.0,1.0,21.0,19.0,9.0,0.0,55.0,52.0,48.0,3.0,17.0,11.0,0,561,37.4,0.0,8.0,13%,1.0,54.0,4,1,18,0,0.0,0.0,0.0,0.0,0.0,0.0,6.0,0.0,0%,0.0,0.0,0.0,0.0,0.0,0.0,0.0,0.0,29.0,2019/20,calf strain,8-Dec-19,4-Jan-20
Anthony Martial,Forward,21,0.0,5.0,0,0.0,6.0,1.0,4.0,4.0,0.0,0.0,0.0,0.0,0.0,0.0,0.0,2,320,15.24,0.0,4.0,0,0.0,0.0,0,0,8,6,1.0,4.0,1.0,0.0,0.29,1.0,27.0,13.0,48%,0.0,0.0,0.0,0.0,0.0,0.0,0.0,0.0,27.0,2022/23,Back injury,10-Oct-22,31-Oct-22
Emiliano Martínez,Goalkeeper,36,11.0,0.0,0,0.0,0.0,0.0,0.0,0.0,0.0,0.0,0.0,0.0,0.0,0.0,0.0,0,937,26.03,0.0,0.0,0,0.0,173.0,4,0,0,0,0.0,0.0,0.0,0.0,0.0,0.0,0.0,0.0,0,95.0,0.0,3.0,30.0,7.0,11.0,162.0,275.0,29.0,2021/22,Knee problems,20-May-22,29-May-22
David Luiz,Defender,20,3.0,12.0,75%,1.0,5.0,16.0,49.0,29.0,0.0,64.0,55.0,31.0,3.0,35.0,14.0,0,998,49.9,0.0,9.0,0%,3.0,71.0,1,1,15,1,1.0,0.0,0.0,1.0,0.0,0.0,0.0,0.0,0,0.0,0.0,0.0,0.0,0.0,0.0,0.0,0.0,33.0,2020/21,Neck injury,11-Sep-20,18-Sep-20
Luke Shaw,Defender,20,3.0,21.0,62%,0.0,1.0,9.0,17.0,9.0,0.0,95.0,64.0,75.0,7.0,20.0,15.0,3,924,46.2,0.0,109.0,27%,3.0,31.0,8,0,32,0,0.0,0.0,0.0,0.0,0.0,0.0,0.0,0.0,0,0.0,0.0,0.0,0.0,0.0,0.0,0.0,0.0,26.0,2021/22,Coronavirus,2-Mar-22,16-Mar-22
Joe Willock,Midfielder,9,0.0,13.0,54%,0.0,1.0,1.0,1.0,1.0,0.0,26.0,24.0,28.0,7.0,1.0,1.0,0,153,17.0,0.0,6.0,17%,1.0,9.0,0,0,3,1,1.0,0.0,0.0,0.0,0.11,0.0,7.0,4.0,57%,0.0,0.0,0.0,0.0,0.0,0.0,0.0,0.0,24.0,2023/24,Achilles tendon problems,24-Nov-23,23-Feb-24
DeAndre Yedlin,Defender,16,1.0,18.0,72%,0.0,0.0,10.0,16.0,6.0,1.0,38.0,36.0,39.0,1.0,8.0,13.0,0,246,15.38,0.0,28.0,21%,0.0,13.0,3,0,8,1,1.0,0.0,0.0,0.0,0.0,0.0,0.0,0.0,0,0.0,0.0,0.0,0.0,0.0,0.0,0.0,0.0,26.0,2019/20,Groin problems,28-Apr-19,28-Sep-19
Erik Pieters,Defender,12,4.0,28.0,54%,0.0,3.0,10.0,37.0,24.0,0.0,53.0,48.0,36.0,3.0,12.0,7.0,1,254,21.17,0.0,14.0,14%,1.0,14.0,1,0,14,0,0.0,0.0,0.0,0.0,0.0,0.0,0.0,0.0,0,0.0,0.0,0.0,0.0,0.0,0.0,0.0,0.0,33.0,2021/22,knee injury,26-Feb-22,2-May-22
Youri Tielemans,Midfielder,32,0.0,41.0,49%,0.0,5.0,15.0,8.0,4.0,0.0,97.0,98.0,86.0,15.0,13.0,9.0,6,907,28.34,0.0,31.0,6%,17.0,36.0,3,0,22,2,0.0,2.0,0.0,2.0,0.06,0.0,14.0,6.0,43%,0.0,0.0,0.0,0.0,0.0,0.0,0.0,0.0,27.0,2023/24,Groin injury,27-Apr-24,10-Jun-24
Jadon Sancho,Forward,29,0.0,14.0,0,0.0,9.0,15.0,5.0,3.0,0.0,0.0,0.0,0.0,0.0,0.0,0.0,3,935,32.24,0.0,28.0,0,0.0,0.0,0,0,4,3,0.0,3.0,0.0,0.0,0.1,0.0,26.0,9.0,35%,0.0,0.0,0.0,0.0,0.0,0.0,0.0,0.0,19.0,2021/22,Tonsillitis,26-Apr-22,8-May-22
Granit Xhaka,Midfielder,31,0.0,50.0,52%,0.0,8.0,24.0,36.0,19.0,0.0,203.0,134.0,121.0,8.0,39.0,36.0,2,"2,189",70.61,0.0,12.0,25%,3.0,130.0,7,1,39,1,0.0,0.0,1.0,0.0,0.03,0.0,21.0,7.0,33%,0.0,0.0,0.0,0.0,0.0,0.0,0.0,0.0,28.0,2020/21,Groin injury,6-May-21,16-May-21
Jesse Lingard,Midfielder,22,0.0,15.0,53%,0.0,10.0,3.0,0.0,0.0,0.0,37.0,41.0,72.0,13.0,2.0,12.0,0,391,17.77,1.0,7.0,0%,4.0,4.0,3,0,28,1,0.0,0.0,1.0,0.0,0.05,0.0,22.0,6.0,27%,0.0,0.0,0.0,0.0,0.0,0.0,0.0,0.0,27.0,2019/20,Hamstring injury,4-Oct-19,23-Oct-19
Emerson Royal,Defender,26,7.0,54.0,61%,0.0,4.0,18.0,65.0,36.0,0.0,102.0,130.0,88.0,15.0,28.0,27.0,1,862,33.15,0.0,46.0,13%,2.0,34.0,2,1,21,2,0.0,1.0,0.0,0.0,0.0,0.0,0.0,0.0,0,0.0,0.0,0.0,0.0,0.0,0.0,0.0,0.0,24.0,2022/23,Knee injury,"Mar 25,2023","May 1,2023"
Jamaal Lascelles,Defender,24,7.0,14.0,21%,0.0,2.0,28.0,115.0,68.0,1.0,128.0,109.0,82.0,4.0,74.0,49.0,0,847,35.29,0.0,0.0,0%,0.0,53.0,5,0,22,1,1.0,0.0,0.0,0.0,0.0,0.0,0.0,0.0,0,0.0,0.0,0.0,0.0,0.0,0.0,0.0,0.0,26.0,2019/20,Knee injury,9-Nov-19,13-Jan-20
Tino Livramento,Defender,26,1.0,23.0,57%,0.0,2.0,25.0,37.0,17.0,1.0,85.0,80.0,48.0,17.0,12.0,8.0,0,675,25.96,0.0,26.0,19%,0.0,13.0,1,0,3,1,0.0,1.0,0.0,0.0,0.0,0.0,0.0,0.0,0,0.0,0.0,0.0,0.0,0.0,0.0,0.0,0.0,21.0,2023/24,Ankle injury,14-May-24,27-May-24
Matt Doherty,Defender,17,3.0,29.0,52%,0.0,2.0,23.0,36.0,26.0,0.0,57.0,95.0,84.0,5.0,49.0,25.0,2,676,39.76,0.0,31.0,26%,0.0,21.0,2,1,20,0,0.0,0.0,0.0,0.0,0.0,0.0,0.0,0.0,0,0.0,0.0,0.0,0.0,0.0,0.0,0.0,0.0,28.0,2020/21,Coronavirus,"Nov 16,2020","Nov 25,2020"
Mikkel Damsgaard,Midfielder,23,0.0,29.0,59%,0.0,3.0,11.0,10.0,5.0,0.0,57.0,58.0,70.0,9.0,12.0,11.0,2,394,17.13,0.0,29.0,10%,10.0,23.0,2,0,14,0,0.0,0.0,0.0,0.0,0.0,0.0,9.0,4.0,44%,0.0,0.0,0.0,0.0,0.0,0.0,0.0,0.0,22.0,2023/24,Knee surgery,29-Sep-23,5-Dec-23
Harry Kane,Forward,35,0.0,22.0,0,0.0,28.0,11.0,39.0,35.0,0.0,0.0,0.0,0.0,0.0,0.0,0.0,14,908,25.94,0.0,38.0,0,0.0,0.0,1,0,26,23,4.0,16.0,3.0,9.0,0.66,4.0,137.0,53.0,39%,0.0,0.0,0.0,0.0,0.0,0.0,0.0,0.0,28.0,2020/21,Ankle sprain,"Apr 16,2021","Apr 22,2021"
Ashley Young,Defender,31,6.0,53.0,72%,0.0,6.0,22.0,45.0,24.0,1.0,120.0,108.0,114.0,12.0,19.0,32.0,0,775,25.0,0.0,100.0,24%,2.0,48.0,5,1,33,0,0.0,0.0,0.0,0.0,0.0,0.0,0.0,0.0,0,0.0,0.0,0.0,0.0,0.0,0.0,0.0,0.0,38.0,2023/24,muscle injury,11-Dec-23,25-Jan-24
Bryan Gil,Forward,11,0.0,1.0,0,0.0,0.0,3.0,4.0,1.0,0.0,0.0,0.0,0.0,0.0,0.0,0.0,0,144,13.09,0.0,11.0,0,0.0,0.0,0,0,2,0,0.0,0.0,0.0,1.0,0.0,0.0,4.0,1.0,25%,0.0,0.0,0.0,0.0,0.0,0.0,0.0,0.0,22.0,2023/24,Inflammation of pubic bone,"Aug 2,2023","Oct 5,2023"
Mason Holgate,Defender,28,9.0,56.0,64%,1.0,0.0,35.0,82.0,38.0,0.0,139.0,132.0,88.0,8.0,39.0,20.0,0,"1,103",39.39,0.0,26.0,19%,1.0,87.0,9,0,29,1,0.0,0.0,1.0,0.0,0.0,0.0,0.0,0.0,0,0.0,0.0,0.0,0.0,0.0,0.0,0.0,0.0,22.0,2020/21,ankle injury,18-Sep-20,6-Nov-20
Jamaal Lascelles,Defender,16,5.0,14.0,64%,0.0,1.0,5.0,42.0,26.0,0.0,53.0,64.0,51.0,1.0,47.0,26.0,0,769,48.06,0.0,1.0,0%,0.0,14.0,4,0,17,1,1.0,0.0,0.0,0.0,0.0,0.0,0.0,0.0,0,0.0,0.0,0.0,0.0,0.0,0.0,0.0,0.0,30.0,2023/24,unknown injury,23-Dec-23,1-Jan-24
Tom Davies,Midfielder,25,0.0,31.0,58%,0.0,2.0,34.0,20.0,12.0,0.0,102.0,85.0,79.0,18.0,11.0,15.0,1,697,27.88,0.0,5.0,60%,1.0,34.0,3,0,26,0,0.0,0.0,0.0,0.0,0.0,0.0,7.0,0.0,0%,0.0,0.0,0.0,0.0,0.0,0.0,0.0,0.0,22.0,2020/21,bruise,28-Oct-20,4-Nov-20
Giovani Lo Celso,Midfielder,28,0.0,51.0,57%,0.0,6.0,9.0,17.0,8.0,0.0,123.0,136.0,145.0,32.0,8.0,22.0,2,965,34.46,1.0,57.0,21%,8.0,42.0,6,0,28,0,0.0,0.0,0.0,0.0,0.0,0.0,18.0,3.0,17%,0.0,0.0,0.0,0.0,0.0,0.0,0.0,0.0,23.0,2019/20,Hip injury,"Sep 7,2019","Oct 20,2019"
Ezri Konsa,Defender,35,6.0,54.0,59%,3.0,5.0,28.0,68.0,29.0,0.0,142.0,167.0,53.0,19.0,30.0,14.0,0,"1,953",55.8,0.0,17.0,24%,1.0,46.0,5,0,14,1,0.0,1.0,0.0,0.0,0.0,0.0,0.0,0.0,0,0.0,0.0,0.0,0.0,0.0,0.0,0.0,0.0,26.0,2023/24,Knee injury,4-Feb-24,1-Mar-24
Emil Krafth,Defender,17,2.0,18.0,67%,0.0,1.0,8.0,40.0,22.0,0.0,43.0,36.0,28.0,4.0,8.0,9.0,1,329,19.35,1.0,20.0,5%,0.0,10.0,0,0,4,0,0.0,0.0,0.0,0.0,0.0,0.0,0.0,0.0,0,0.0,0.0,0.0,0.0,0.0,0.0,0.0,0.0,25.0,2019/20,Ankle injury,21-Jul-20,11-Sep-20
Ben White,Defender,32,13.0,44.0,52%,1.0,4.0,42.0,101.0,60.0,0.0,158.0,141.0,97.0,10.0,62.0,40.0,0,"1,810",56.56,0.0,0.0,0%,5.0,90.0,3,0,19,0,0.0,0.0,0.0,0.0,0.0,0.0,0.0,0.0,0,0.0,0.0,0.0,0.0,0.0,0.0,0.0,0.0,24.0,2021/22,Hamstring injury,25-Apr-22,15-May-22
Bertrand Traoré,Forward,36,0.0,26.0,0,0.0,21.0,15.0,12.0,4.0,0.0,0.0,0.0,0.0,0.0,0.0,0.0,6,700,19.44,0.0,102.0,0,0.0,0.0,1,0,31,7,0.0,2.0,5.0,2.0,0.19,0.0,64.0,23.0,36%,0.0,0.0,0.0,0.0,0.0,0.0,0.0,0.0,24.0,2020/21,Bruised ribs,2-Nov-20,20-Nov-20
Bruno Fernandes,Midfielder,36,0.0,54.0,52%,0.0,34.0,17.0,41.0,23.0,0.0,180.0,146.0,194.0,26.0,19.0,30.0,6,"1,901",52.81,0.0,148.0,26%,22.0,117.0,10,0,33,10,1.0,7.0,2.0,3.0,0.28,0.0,89.0,29.0,33%,0.0,0.0,0.0,0.0,0.0,0.0,0.0,0.0,25.0,2021/22,Ill,12-Mar-22,14-Mar-22
Jack Cork,Midfielder,30,0.0,35.0,69%,0.0,8.0,28.0,45.0,24.0,0.0,171.0,140.0,195.0,26.0,56.0,69.0,0,923,30.77,2.0,6.0,17%,2.0,48.0,1,0,33,0,0.0,0.0,0.0,0.0,0.0,0.0,18.0,6.0,33%,0.0,0.0,0.0,0.0,0.0,0.0,0.0,0.0,30.0,2019/20,shoulder injury,29-Sep-19,25-Oct-19
David Raya,Goalkeeper,24,8.0,0.0,0,0.0,0.0,0.0,0.0,0.0,0.0,0.0,0.0,0.0,0.0,0.0,0.0,0,960,40.0,0.0,0.0,0,0.0,259.0,1,0,1,0,0.0,0.0,0.0,0.0,0.0,0.0,0.0,0.0,0,78.0,0.0,7.0,27.0,7.0,16.0,118.0,202.0,26.0,2021/22,Knee injury,25-Oct-21,4-Feb-22
Gabriel Jesus,Forward,27,0.0,24.0,0,0.0,16.0,13.0,11.0,9.0,0.0,0.0,0.0,0.0,0.0,0.0,0.0,5,490,18.15,0.0,9.0,0,0.0,0.0,6,0,26,4,2.0,1.0,1.0,2.0,0.15,0.0,55.0,19.0,35%,0.0,0.0,0.0,0.0,0.0,0.0,0.0,0.0,27.0,2023/24,Hamstring injury,24-Oct-23,19-Nov-23
Dani Ceballos,Midfielder,25,0.0,37.0,59%,0.0,4.0,35.0,14.0,10.0,0.0,136.0,95.0,93.0,26.0,8.0,13.0,3,"1,272",50.88,0.0,29.0,31%,7.0,70.0,4,0,23,0,0.0,0.0,0.0,1.0,0.0,0.0,13.0,2.0,15%,0.0,0.0,0.0,0.0,0.0,0.0,0.0,0.0,24.0,2020/21,Calf injury,15-Jan-21,1-Feb-21
Fred,Midfielder,28,0.0,63.0,43%,0.0,4.0,32.0,20.0,6.0,0.0,197.0,129.0,141.0,21.0,15.0,13.0,4,"1,343",47.96,0.0,3.0,33%,11.0,62.0,5,0,31,4,0.0,1.0,3.0,0.0,0.14,0.0,15.0,9.0,60%,0.0,0.0,0.0,0.0,0.0,0.0,0.0,0.0,27.0,2021/22,Coronavirus,7-Feb-22,14-Feb-22
Nathan Collins,Defender,32,7.0,38.0,53%,1.0,2.0,44.0,129.0,70.0,0.0,136.0,145.0,72.0,11.0,73.0,35.0,1,"1,468",45.88,0.0,4.0,25%,2.0,69.0,3,0,12,1,1.0,0.0,0.0,0.0,0.0,0.0,0.0,0.0,0,0.0,0.0,0.0,0.0,0.0,0.0,0.0,0.0,23.0,2023/24,Injury to the ankle,18-Nov-23,15-Dec-23
Jamaal Lascelles,Defender,19,2.0,14.0,50%,1.0,4.0,12.0,84.0,43.0,2.0,65.0,73.0,44.0,4.0,47.0,24.0,0,621,32.68,0.0,3.0,0%,0.0,42.0,4,0,17,2,2.0,0.0,0.0,1.0,0.0,0.0,0.0,0.0,0,0.0,0.0,0.0,0.0,0.0,0.0,0.0,0.0,27.0,2020/21,Hip injury,28-Sep-20,16-Oct-20
Harry Maguire,Defender,16,5.0,8.0,75%,0.0,2.0,13.0,41.0,27.0,1.0,55.0,39.0,32.0,2.0,25.0,22.0,0,574,35.88,0.0,1.0,0%,0.0,37.0,4,0,8,0,0.0,0.0,0.0,0.0,0.0,0.0,0.0,0.0,0,0.0,0.0,0.0,0.0,0.0,0.0,0.0,0.0,29.0,2022/23,Hamstring injury,26-Sep-22,25-Oct-22
Harry Maguire,Defender,30,6.0,34.0,62%,2.0,4.0,32.0,100.0,57.0,0.0,148.0,132.0,67.0,4.0,75.0,28.0,0,"1,563",52.1,0.0,2.0,0%,0.0,120.0,7,1,21,1,1.0,0.0,0.0,2.0,0.0,0.0,0.0,0.0,0,0.0,0.0,0.0,0.0,0.0,0.0,0.0,0.0,28.0,2021/22,Chest injury,1-Jan-22,14-Jan-22
Luke Shaw,Defender,31,11.0,55.0,65%,0.0,4.0,36.0,53.0,29.0,0.0,189.0,142.0,114.0,14.0,46.0,29.0,2,"1,805",58.23,0.0,89.0,29%,2.0,61.0,8,0,46,1,0.0,1.0,0.0,0.0,0.0,0.0,0.0,0.0,0,0.0,0.0,0.0,0.0,0.0,0.0,0.0,0.0,27.0,2022/23,unknown injury,6-Apr-23,19-Apr-23
Amadou Onana,Midfielder,30,0.0,71.0,54%,0.0,8.0,21.0,30.0,16.0,0.0,160.0,180.0,93.0,12.0,53.0,19.0,0,"1,023",34.1,0.0,3.0,33%,6.0,61.0,5,0,37,2,2.0,0.0,0.0,0.0,0.07,0.0,29.0,6.0,21%,0.0,0.0,0.0,0.0,0.0,0.0,0.0,0.0,22.0,2023/24,calf injury,11-Nov-23,8-Dec-23
Ashley Westwood,Midfielder,27,0.0,21.0,57%,0.0,8.0,30.0,15.0,6.0,0.0,174.0,62.0,85.0,10.0,9.0,13.0,3,"1,113",41.22,0.0,122.0,25%,7.0,78.0,7,0,29,0,0.0,0.0,0.0,1.0,0.0,0.0,14.0,2.0,14%,0.0,0.0,0.0,0.0,0.0,0.0,0.0,0.0,33.0,2021/22,broken ankle,17-Apr-22,31-Dec-22
Edinson Cavani,Forward,15,0.0,4.0,0,0.0,4.0,2.0,5.0,3.0,0.0,0.0,0.0,0.0,0.0,0.0,0.0,1,230,15.33,0.0,2.0,0,0.0,0.0,0,0,7,2,0.0,2.0,0.0,1.0,0.13,0.0,18.0,8.0,44%,0.0,0.0,0.0,0.0,0.0,0.0,0.0,0.0,35.0,2021/22,Calf injury,1-Apr-22,30-Apr-22
Paul Pogba,Midfielder,20,0.0,13.0,69%,0.0,9.0,13.0,16.0,11.0,0.0,98.0,116.0,122.0,39.0,36.0,20.0,9,877,43.85,0.0,12.0,25%,8.0,73.0,7,1,39,1,0.0,1.0,0.0,0.0,0.05,0.0,32.0,8.0,25%,0.0,0.0,0.0,0.0,0.0,0.0,0.0,0.0,28.0,2021/22,Calf injury,18-Apr-22,23-May-22
Ashley Barnes,Forward,22,0.0,12.0,0,0.0,12.0,5.0,11.0,3.0,0.0,0.0,0.0,0.0,0.0,0.0,0.0,0,304,13.82,0.0,8.0,0,0.0,0.0,4,0,46,3,1.0,1.0,1.0,0.0,0.14,1.0,38.0,13.0,34%,0.0,0.0,0.0,0.0,0.0,0.0,0.0,0.0,31.0,2020/21,bruise,27-Jan-21,5-Feb-21
Chris Wood,Forward,32,0.0,7.0,0,0.0,8.0,4.0,18.0,14.0,0.0,0.0,0.0,0.0,0.0,0.0,0.0,1,460,14.38,1.0,8.0,0,0.0,0.0,1,0,34,14,5.0,4.0,5.0,0.0,0.44,1.0,65.0,31.0,48%,0.0,0.0,0.0,0.0,0.0,0.0,0.0,0.0,28.0,2019/20,calf injury,5-Jun-20,4-Jul-20
Robbie Brady,Midfielder,19,0.0,22.0,68%,0.0,5.0,9.0,25.0,19.0,0.0,80.0,61.0,78.0,11.0,19.0,21.0,1,351,18.47,0.0,43.0,16%,2.0,24.0,3,0,21,1,0.0,1.0,0.0,0.0,0.05,0.0,16.0,5.0,31%,0.0,0.0,0.0,0.0,0.0,0.0,0.0,0.0,28.0,2020/21,hamstring injury,24-Nov-20,4-Dec-20
Séamus Coleman,Defender,23,4.0,35.0,74%,0.0,3.0,22.0,45.0,25.0,0.0,100.0,91.0,57.0,17.0,18.0,16.0,0,603,26.22,0.0,22.0,41%,0.0,22.0,1,0,10,1,0.0,1.0,0.0,0.0,0.0,0.0,0.0,0.0,0,0.0,0.0,0.0,0.0,0.0,0.0,0.0,0.0,33.0,2022/23,knee injury,1-May-23,23-Nov-23
Gylfi Sigurdsson,Midfielder,35,0.0,50.0,52%,0.0,20.0,37.0,15.0,3.0,0.0,147.0,103.0,147.0,16.0,14.0,24.0,3,"1,019",29.11,5.0,131.0,28%,3.0,47.0,3,0,34,2,0.0,2.0,0.0,1.0,0.06,1.0,46.0,14.0,30%,0.0,0.0,0.0,0.0,0.0,0.0,0.0,0.0,30.0,2019/20,knock,8-Dec-19,20-Dec-19
Mason Holgate,Defender,8,0.0,11.0,64%,0.0,2.0,7.0,26.0,11.0,0.0,23.0,27.0,26.0,3.0,9.0,10.0,0,196,24.5,0.0,2.0,50%,1.0,15.0,1,1,9,0,0.0,0.0,0.0,0.0,0.0,0.0,0.0,0.0,0,0.0,0.0,0.0,0.0,0.0,0.0,0.0,0.0,24.0,2022/23,knee injury,27-Aug-22,16-Oct-22
Fabian Schär,Defender,22,4.0,39.0,54%,0.0,5.0,47.0,72.0,30.0,1.0,112.0,113.0,95.0,16.0,34.0,34.0,0,761,34.59,0.0,12.0,8%,1.0,94.0,5,0,29,2,0.0,1.0,1.0,0.0,0.0,0.0,0.0,0.0,0,0.0,0.0,0.0,0.0,0.0,0.0,0.0,0.0,28.0,2019/20,Shoulder injury,16-Jul-20,28-Sep-20
Lyle Foster,Forward,24,0.0,19.0,0,0.0,4.0,3.0,33.0,21.0,0.0,0.0,0.0,0.0,0.0,0.0,0.0,3,452,18.83,0.0,3.0,0,0.0,0.0,0,1,24,5,0.0,3.0,2.0,0.0,0.21,0.0,34.0,17.0,50%,0.0,0.0,0.0,0.0,0.0,0.0,0.0,0.0,23.0,2023/24,depression,9-Nov-23,10-Dec-23
Jonjo Shelvey,Midfielder,24,0.0,30.0,57%,0.0,5.0,22.0,19.0,9.0,0.0,160.0,57.0,55.0,9.0,10.0,10.0,1,899,37.46,0.0,43.0,21%,4.0,118.0,5,1,18,2,0.0,2.0,0.0,1.0,0.08,0.0,30.0,14.0,47%,0.0,0.0,0.0,0.0,0.0,0.0,0.0,0.0,30.0,2021/22,Calf injury,15-Aug-21,15-Oct-21
Erik Pieters,Defender,20,2.0,30.0,70%,0.0,1.0,12.0,27.0,13.0,1.0,74.0,70.0,69.0,6.0,13.0,9.0,1,472,23.6,0.0,19.0,0%,0.0,27.0,1,0,26,0,0.0,0.0,0.0,0.0,0.0,0.0,0.0,0.0,0,0.0,0.0,0.0,0.0,0.0,0.0,0.0,0.0,32.0,2020/21,calf injury,20-Oct-20,22-Nov-20
Alexander Isak,Forward,30,0.0,5.0,0,0.0,14.0,6.0,12.0,5.0,0.0,0.0,0.0,0.0,0.0,0.0,0.0,2,474,15.8,0.0,10.0,0,0.0,0.0,1,0,14,21,1.0,19.0,1.0,2.0,0.7,5.0,78.0,43.0,55%,0.0,0.0,0.0,0.0,0.0,0.0,0.0,0.0,24.0,2023/24,Groin injury,25-Oct-23,24-Nov-23
Theo Walcott,Forward,25,0.0,13.0,0,0.0,12.0,8.0,1.0,0.0,0.0,0.0,0.0,0.0,0.0,0.0,0.0,3,354,14.16,7.0,42.0,0,0.0,0.0,1,0,9,2,1.0,1.0,0.0,1.0,0.08,0.0,31.0,10.0,32%,0.0,0.0,0.0,0.0,0.0,0.0,0.0,0.0,30.0,2019/20,knee injury,9-Feb-20,28-Feb-20
Séamus Coleman,Defender,27,5.0,42.0,74%,0.0,2.0,24.0,36.0,20.0,0.0,118.0,128.0,78.0,38.0,29.0,20.0,1,824,30.52,2.0,43.0,7%,0.0,33.0,3,1,19,0,0.0,0.0,0.0,0.0,0.0,0.0,0.0,0.0,0,0.0,0.0,0.0,0.0,0.0,0.0,0.0,0.0,30.0,2019/20,hamstring strain,2-Mar-20,14-Jun-20
Tanguy Ndombele,Midfielder,21,0.0,24.0,67%,0.0,3.0,14.0,6.0,1.0,0.0,79.0,97.0,70.0,38.0,7.0,9.0,2,632,30.1,1.0,12.0,17%,4.0,19.0,3,0,14,2,0.0,1.0,1.0,0.0,0.1,0.0,9.0,4.0,44%,0.0,0.0,0.0,0.0,0.0,0.0,0.0,0.0,22.0,2019/20,Hamstring injury,"Aug 18,2019","Sep 12,2019"
Matt Targett,Defender,28,4.0,52.0,56%,0.0,1.0,56.0,68.0,31.0,0.0,122.0,113.0,121.0,8.0,37.0,38.0,2,947,33.82,8.0,81.0,27%,3.0,49.0,4,0,27,1,0.0,0.0,1.0,0.0,0.0,0.0,0.0,0.0,0,0.0,0.0,0.0,0.0,0.0,0.0,0.0,0.0,24.0,2019/20,Hamstring injury,29-Aug-19,24-Sep-19
Abdoulaye Doucouré,Midfielder,30,0.0,75.0,57%,0.0,13.0,28.0,30.0,14.0,0.0,213.0,147.0,156.0,21.0,35.0,37.0,4,"1,083",36.1,0.0,11.0,9%,3.0,31.0,6,0,39,2,0.0,2.0,0.0,1.0,0.07,0.0,34.0,11.0,32%,0.0,0.0,0.0,0.0,0.0,0.0,0.0,0.0,28.0,2021/22,stress reaction of the bone,17-Oct-21,28-Nov-21
Sven Botman,Defender,17,3.0,20.0,65%,2.0,2.0,9.0,58.0,24.0,1.0,70.0,56.0,35.0,0.0,34.0,17.0,2,"1,015",59.71,0.0,0.0,0%,0.0,44.0,2,0,9,2,2.0,0.0,0.0,0.0,0.0,0.0,0.0,0.0,0,0.0,0.0,0.0,0.0,0.0,0.0,0.0,0.0,24.0,2023/24,Knee injury,28-Sep-23,15-Dec-23
Oliver Skipp,Midfielder,7,0.0,2.0,100%,0.0,0.0,0.0,0.0,0.0,0.0,5.0,2.0,7.0,0.0,0.0,2.0,0,38,5.43,0.0,0.0,0%,0.0,2.0,0,0,1,0,0.0,0.0,0.0,0.0,0.0,0.0,0.0,0.0,0%,0.0,0.0,0.0,0.0,0.0,0.0,0.0,0.0,19.0,2019/20,Hip injury,"Nov 9,2019","Dec 4,2019"
