Name,Team Name,Position,Age,Season,Injury,Date of Injury,Date of return
Jamaal Lascelles,Newcastle,Center Back,26,2019/20,Knee injury,9-Nov-19,13-Jan-20
Fabian Schär,Newcastle,Center Back,28,2019/20,Knee injury,20-Oct-19,24-Nov-19
Fabian Schär,Newcastle,Center Back,28,2019/20,Hamstring strain,2-Jan-20,17-Jan-20
Fabian Schär,Newcastle,Center Back,28,2019/20,Shoulder injury,16-Jul-20,28-Sep-20
Paul Dummett,Newcastle,Center Back,28,2019/20,Groin injury,22-Dec-19,10-Jan-20
Ciaran Clark,Newcastle,Center Back,30,2019/20,Calf injury,9-Dec-19,10-Jan-20
Ciaran Clark,Newcastle,Center Back,30,2019/20,Ankle injury,16-Feb-20,14-Sep-20
Jetro Willems,Newcastle,Left Back,26,2019/20,Knee injury,22-Sep-19,5-Oct-19
Jetro Willems,Newcastle,Left Back,26,2019/20,Knee injury,15-Dec-19,25-Dec-19
Jetro Willems,Newcastle,Left Back,26,2019/20,Cruciate ligament tear,18-Jan-20,20-Sep-20
DeAndre Yedlin,Newcastle,Right Back,26,2019/20,Groin problems,28-Apr-19,28-Sep-19
DeAndre Yedlin,Newcastle,Right Back,26,2019/20,Hip injury,27-Nov-19,10-Dec-19
DeAndre Yedlin,Newcastle,Right Back,26,2019/20,Hand injury,5-Jan-20,23-Jan-20
Emil Krafth,Newcastle,Right Back,25,2019/20,Ankle injury,21-Jan-20,20-Jun-20
Emil Krafth,Newcastle,Right Back,25,2019/20,Ankle injury,21-Jul-20,11-Sep-20
Javier Manquillo,Newcastle,Right Back,26,2019/20,Hamstring strain,2-Jan-20,28-Feb-20
Isaac Hayden,Newcastle,Defensive Midfielder,25,2019/20,Hamstring strain,5-Jul-20,25-Jul-20
Sean Longstaff,Newcastle,Central Midfielder,22,2019/20,Ankle injury,1-Sep-19,28-Sep-19
Sean Longstaff,Newcastle,Central Midfielder,22,2019/20,Hamstring injury,1-Jul-20,25-Jul-20
Jonjo Shelvey,Newcastle,Central Midfielder,28,2019/20,Hamstring injury,22-Sep-19,5-Oct-19
Jonjo Shelvey,Newcastle,Central Midfielder,28,2019/20,Calf injury,9-Dec-19,20-Dec-19
Jonjo Shelvey,Newcastle,Central Midfielder,28,2019/20,Hamstring strain,18-Jan-20,28-Feb-20
Matt Ritchie,Newcastle,Right Midfielder,30,2019/20,Ankle injury,28-Aug-19,3-Jan-20
Allan Saint-Maximin,Newcastle,Left winger,23,2019/20,Hamstring strain,22-Sep-19,28-Sep-19
Miguel Almirón,Newcastle,Right winger,26,2019/20,Hamstring injury,9-Dec-19,20-Dec-19
Dwight Gayle,Newcastle,Center Forward,30,2019/20,Calf injury,8-Aug-19,5-Oct-19
Dwight Gayle,Newcastle,Center Forward,30,2019/20,Hamstring strain,2-Jan-20,10-Jan-20
Andy Carroll,Newcastle,Center Forward,31,2019/20,Groin injury,20-Oct-19,1-Nov-19
Andy Carroll,Newcastle,Center Forward,31,2019/20,Bruised ribs,26-Nov-19,3-Dec-19
Andy Carroll,Newcastle,Center Forward,31,2019/20,Knock,15-Jan-20,15-Jun-20
Andy Carroll,Newcastle,Center Forward,31,2019/20,Muscle injury,6-Jul-20,17-Jul-20
Jamaal Lascelles,Newcastle,Center Back,27,2020/21,Hip injury,28-Sep-20,16-Oct-20
Jamaal Lascelles,Newcastle,Center Back,27,2020/21,Muscle fatigue,22-Nov-20,17-Jan-21
Jamaal Lascelles,Newcastle,Center Back,27,2020/21,Hamstring strain,31-Jan-21,14-Feb-21
Jamaal Lascelles,Newcastle,Center Back,27,2020/21,Foot injury,4-Apr-21,1-Jun-21
Fabian Schär,Newcastle,Center Back,29,2020/21,Virus,29-Nov-20,25-Dec-20
Fabian Schär,Newcastle,Center Back,29,2020/21,Knee injury,7-Feb-21,25-Apr-21
Ciaran Clark,Newcastle,Center Back,31,2020/21,Calf injury,19-Jan-21,29-Jan-21
Ciaran Clark,Newcastle,Center Back,31,2020/21,Knock,4-Feb-21,14-Feb-21
Javier Manquillo,Newcastle,Right Back,27,2020/21,Ankle injury,7-Feb-21,10-Mar-21
Isaac Hayden,Newcastle,Defensive Midfielder,26,2020/21,Coronavirus,25-Nov-20,11-Dec-20
Isaac Hayden,Newcastle,Defensive Midfielder,26,2020/21,Knee injury,20-Mar-21,1-Jun-21
Jonjo Shelvey,Newcastle,Central Midfielder,29,2020/21,Groin injury,19-Oct-20,20-Nov-20
Jonjo Shelvey,Newcastle,Central Midfielder,29,2020/21,Hamstring injury,4-Jan-21,17-Jan-21
Matt Ritchie,Newcastle,Right Midfielder,31,2020/21,Shoulder injury,27-Sep-20,25-Nov-20
Allan Saint-Maximin,Newcastle,Left winger,24,2020/21,Ankle injury,21-Sep-20,1-Oct-20
Allan Saint-Maximin,Newcastle,Left winger,24,2020/21,Calf injury,22-Nov-20,22-Jan-21
Allan Saint-Maximin,Newcastle,Left winger,24,2020/21,Groin injury,28-Feb-21,4-Apr-21
Miguel Almirón,Newcastle,Right winger,27,2020/21,Knee injury,28-Feb-21,15-Mar-21
Dwight Gayle,Newcastle,Center Forward,31,2020/21,Inner ligament injury,5-Sep-20,11-Dec-20
Jamal Lewis,Newcastle,Left Back,23,2020/21,Knee problems,31-Dec-20,15-Jan-21
Ryan Fraser,Newcastle,Left winger,27,2020/21,Hamstring injury,2-Nov-20,15-Dec-20
Ryan Fraser,Newcastle,Left winger,27,2020/21,Groin injury,1-Apr-21,31-May-21
Callum Wilson,Newcastle,Center Forward,29,2020/21,Hamstring strain,7-Nov-20,26-Nov-20
Callum Wilson,Newcastle,Center Forward,29,2020/21,Hamstring injury,7-Feb-21,4-Apr-21
Callum Wilson,Newcastle,Center Forward,29,2020/21,Hamstring injury,8-May-21,25-May-21
Jamaal Lascelles,Newcastle,Center Back,28,2021/22,Ill,11-Feb-22,16-Feb-22
Paul Dummett,Newcastle,Center Back,30,2021/22,Calf injury,28-Jul-21,1-Jan-22
Joelinton,Newcastle,Central Midfielder,25,2021/22,Knock,7-Mar-22,15-Mar-22
Jonjo Shelvey,Newcastle,Central Midfielder,30,2021/22,Calf injury,15-Aug-21,15-Oct-21
Jonjo Shelvey,Newcastle,Central Midfielder,30,2021/22,Muscle injury,17-Dec-21,26-Dec-21
Jonjo Shelvey,Newcastle,Central Midfielder,30,2021/22,Calf problems,1-May-22,25-May-22
Allan Saint-Maximin,Newcastle,Left winger,25,2021/22,Ill & knock,14-Feb-22,12-Mar-22
Joe Willock,Newcastle,Central Midfielder,22,2021/22,Coronavirus,21-Dec-21,31-Dec-21
Joe Willock,Newcastle,Central Midfielder,22,2021/22,Knee injury,4-Apr-22,10-Apr-22
Joe Willock,Newcastle,Central Midfielder,22,2021/22,Knee injury,1-May-22,25-May-22
Ryan Fraser,Newcastle,Left winger,28,2021/22,Hamstring injury,8-Apr-22,9-May-22
Callum Wilson,Newcastle,Center Forward,30,2021/22,Hamstring injury,30-Aug-21,17-Oct-21
Callum Wilson,Newcastle,Center Forward,30,2021/22,Calf injury,27-Dec-21,1-May-22
Kieran Trippier,Newcastle,Right Back,31,2021/22,Metatarsal fracture,13-Feb-22,1-May-22
Chris Wood,Newcastle,Center Forward,30,2021/22,Hip injury,9-May-22,20-May-22
Fabian Schär,Newcastle,Center Back,31,2022/23,concussion,27-Feb-23,5-Mar-23
Joelinton,Newcastle,Central Midfielder,26,2022/23,Knock,22-May-23,31-May-23
Sean Longstaff,Newcastle,Central Midfielder,25,2022/23,Outer ligament problems,27-Apr-23,20-May-23
Jonjo Shelvey,Newcastle,Central Midfielder,31,2022/23,Hamstring injury,26-Jul-22,10-Oct-22
Allan Saint-Maximin,Newcastle,Left winger,26,2022/23,Hamstring injury,29-Aug-22,5-Oct-22
Allan Saint-Maximin,Newcastle,Left winger,26,2022/23,Muscle injury,14-Oct-22,26-Oct-22
Allan Saint-Maximin,Newcastle,Left winger,26,2022/23,Hamstring injury,6-Apr-23,5-May-23
Miguel Almirón,Newcastle,Right winger,29,2022/23,Thigh problems,15-Mar-23,15-Apr-23
Joe Willock,Newcastle,Central Midfielder,23,2022/23,Hamstring injury,18-May-23,5-Jun-23
Callum Wilson,Newcastle,Center Forward,31,2022/23,Hamstring injury,21-Aug-22,25-Sep-22
Bruno Guimarães,Newcastle,Defensive Midfielder,25,2022/23,Hamstring injury,25-Aug-22,16-Sep-22
Bruno Guimarães,Newcastle,Defensive Midfielder,25,2022/23,Ankle injury,1-Feb-23,20-Feb-23
Nick Pope,Newcastle,Goalkeeper,31,2022/23,Hand injury,23-May-23,20-Jun-23
Anthony Gordon,Newcastle,Left winger,22,2022/23,Ankle injury,10-Mar-23,1-Apr-23
Alexander Isak,Newcastle,Center Forward,23,2022/23,Thigh problems,20-Sep-22,4-Jan-23
Jamaal Lascelles,Newcastle,Center Back,30,2023/24,unknown injury,23-Dec-23,1-Jan-24
Fabian Schär,Newcastle,Center Back,32,2023/24,Hamstring injury,27-Apr-24,15-May-24
Joelinton,Newcastle,Central Midfielder,27,2023/24,Hamstring injury,13-Sep-23,15-Oct-23
Joelinton,Newcastle,Central Midfielder,27,2023/24,Hamstring injury,16-Dec-23,25-Dec-23
Joelinton,Newcastle,Central Midfielder,27,2023/24,Groin surgery,6-Jan-24,3-May-24
Sean Longstaff,Newcastle,Central Midfielder,26,2023/24,Ankle injury,11-Nov-23,8-Dec-23
Miguel Almirón,Newcastle,Right winger,30,2023/24,Knee injury,30-Mar-24,3-May-24
Joe Willock,Newcastle,Central Midfielder,24,2023/24,Hamstring injury,1-Aug-23,23-Oct-23
Joe Willock,Newcastle,Central Midfielder,24,2023/24,Achilles tendon problems,24-Nov-23,23-Feb-24
Joe Willock,Newcastle,Central Midfielder,24,2023/24,Achilles tendon problems,6-Apr-24,20-May-24
Elliot Anderson,Newcastle,Central Midfielder,18,2023/24,Back injury,23-Oct-23,25-Feb-24
Callum Wilson,Newcastle,Center Forward,32,2023/24,Hamstring injury,24-Sep-23,7-Oct-23
Callum Wilson,Newcastle,Center Forward,32,2023/24,Hamstring injury,7-Nov-23,8-Dec-23
Callum Wilson,Newcastle,Center Forward,32,2023/24,Calf injury,26-Dec-23,1-Feb-24
Callum Wilson,Newcastle,Center Forward,32,2023/24,Chest injury,11-Feb-24,15-Apr-24
Callum Wilson,Newcastle,Center Forward,32,2023/24,Ill,6-May-24,17-May-24
Dan Burn,Newcastle,Center Back,32,2023/24,Back injury,4-Nov-23,11-Dec-23
Kieran Trippier,Newcastle,Right Back,33,2023/24,Groin injury,26-Dec-23,5-Jan-24
Kieran Trippier,Newcastle,Right Back,33,2023/24,Calf injury,2-Mar-24,10-May-24
Sven Botman,Newcastle,Center Back,24,2023/24,Ankle injury,27-Aug-23,15-Sep-23
Sven Botman,Newcastle,Center Back,24,2023/24,Knee injury,28-Sep-23,15-Dec-23
Sven Botman,Newcastle,Center Back,24,2023/24,Cruciate ligament surgery,20-Mar-24,2-Dec-24
Lewis Miley,Newcastle,Central Midfielder,18,2023/24,Fever,16-Oct-23,1-Nov-23
Lewis Miley,Newcastle,Central Midfielder,18,2023/24,ack injury,25-Mar-24,20-May-24
Anthony Gordon,Newcastle,Left winger,23,2023/24,Ankle injury,15-May-24,27-May-24
Alexander Isak,Newcastle,Center Forward,24,2023/24,Groin injury,25-Oct-23,24-Nov-23
Alexander Isak,Newcastle,Center Forward,24,2023/24,Groin injury,30-Jan-24,23-Feb-24
Tino Livramento,Newcastle,Right Back,21,2023/24,Ill,12-Jan-24,20-Jan-24
Tino Livramento,Newcastle,Right Back,21,2023/24,Ankle injury,11-Mar-24,12-Apr-24
Tino Livramento,Newcastle,Right Back,21,2023/24,Ankle injury,14-May-24,27-May-24
Harvey Barnes,Newcastle,Left winger,26,2023/24,Foot injury,24-Sep-23,1-Feb-24
Harvey Barnes,Newcastle,Left winger,26,2023/24,Hamstring injury,2-Mar-24,30-Mar-24
Fabian Schär,Newcastle,Center Back,32,2023/24,concussion,27-Feb-23,5-Mar-23
Nick Pope,Newcastle,Goalkeeper,32,2023/24,Shoulder injury,2-Dec-23,2-May-24
Bernd Leno,Arsenal,Goalkeeper,28,2019/20,Ligament stretching,21-Jun-20,27-Aug-20
Sead Kolasinac,Arsenal,Center Back,27,2019/20,Hamstring injury,17-Nov-19,30-Nov-19
Sead Kolasinac,Arsenal,Center Back,27,2019/20,Arm injury,24-Feb-20,15-Jun-20
Sead Kolasinac,Arsenal,Center Back,27,2019/20,Muscle strain,15-Jan-20,15-Feb-20
Sead Kolasinac,Arsenal,Center Back,27,2019/20,Ankle injury,16-Dec-19,30-Dec-19
Sokratis Papastathopoulos,Arsenal,Center Back,32,2019/20,concussion,27-Dec-19,30-Dec-19
Calum Chambers,Arsenal,Center Back,25,2019/20,Cruciate ligament tear,29-Dec-19,8-Nov-20
Shkodran Mustafi,Arsenal,Center Back,28,2019/20,Muscle strain,29-Feb-20,15-Mar-20
Kieran Tierney,Arsenal,Left Back,23,2019/20,Shoulder injury,9-Dec-19,14-Mar-20
Kieran Tierney,Arsenal,Left Back,23,2019/20,Groin injury,13-Sep-20,27-Sep-20
Kieran Tierney,Arsenal,Left Back,23,2019/20,Knee injury,19-Jan-21,16-Feb-21
Kieran Tierney,Arsenal,Left Back,23,2019/20,Knee injury,3-Apr-21,5-May-21
Héctor Bellerín,Arsenal,Right Back,25,2019/20,Hamstring injury,6-Dec-19,14-Jan-20
Cédric Soares,Arsenal,Right Back,28,2019/20,Broken Nose and Knee Injury,21-Jan-20,26-Jun-20
Lucas Torreira,Arsenal,Defensive Midfielder,24,2019/20,Ankle injury,3-Mar-20,3-Jul-20
Granit Xhaka,Arsenal,Defensive Midfielder,27,2019/20,Back injury,12-Aug-19,23-Aug-19
Granit Xhaka,Arsenal,Defensive Midfielder,27,2019/20,concussion,9-Dec-19,17-Dec-19
Granit Xhaka,Arsenal,Defensive Midfielder,27,2019/20,Ankle injury,18-Jun-20,24-Jun-20
Mattéo Guendouzi,Arsenal,Central Midfielder,21,2019/20,Fitness,25-Jun-20,7-Oct-20
Dani Ceballos,Arsenal,Central Midfielder,23,2019/20,Torn muscle bundle,7-Nov-19,31-Dec-19
Mesut Özil,Arsenal,Attacking Midfielder,31,2019/20,Ankle injury,16-Dec-19,26-Dec-19
Gabriel Martinelli,Arsenal,Left winger,19,2019/20,Hamstring injury,23-Dec-19,6-Jan-20
Nicolas Pépé,Arsenal,Right winger,25,2019/20,Muscle fatigue,2-Jul-20,6-Jul-20
Reiss Nelson,Arsenal,Right winger,20,2019/20,Hamstring injury,9-Jan-20,24-Feb-20
Alexandre Lacazette,Arsenal,Center Forward,29,2019/20,Ankle injury,2-Sep-19,20-Oct-19
Shkodran Mustafi,Arsenal,Center Back,29,2020/21,Muscle injury,19-Jul-20,24-Oct-20
David Luiz,Arsenal,Center Back,33,2020/21,Hamstring injury,26-Oct-20,3-Nov-20
David Luiz,Arsenal,Center Back,33,2020/21,Neck injury,11-Sep-20,18-Sep-20
David Luiz,Arsenal,Center Back,33,2020/21,Ill,25-Dec-20,1-Jan-21
David Luiz,Arsenal,Center Back,33,2020/21,Head injury,25-Dec-20,1-Jan-21
Rob Holding,Arsenal,Center Back,25,2020/21,Hamstring injury,16-Oct-20,15-Dec-20
Pablo Marí,Arsenal,Center Back,27,2020/21,Ankle injury,15-Jun-20,3-Dec-20
Pablo Marí,Arsenal,Center Back,27,2020/21,Calf injury,14-Jan-21,8-Feb-21
Granit Xhaka,Arsenal,Defensive Midfielder,28,2020/21,Ill,1-Apr-21,4-Apr-21
Granit Xhaka,Arsenal,Defensive Midfielder,28,2020/21,Groin injury,6-May-21,16-May-21
Dani Ceballos,Arsenal,Central Midfielder,24,2020/21,Calf injury,15-Jan-21,1-Feb-21
Gabriel Martinelli,Arsenal,Left winger,20,2020/21,Ankle injury,9-Jan-21,17-Jan-21
Bukayo Saka,Arsenal,Right winger,19,2020/21,Hip problems,28-Jan-21,31-Jan-21
Pierre-Emerick Aubameyang,Arsenal,Center Forward,32,2020/21,Calf injury,17-Dec-20,28-Dec-20
Pierre-Emerick Aubameyang,Arsenal,Center Forward,32,2020/21,Knock,18-Jan-21,1-Feb-21
Pierre-Emerick Aubameyang,Arsenal,Center Forward,32,2020/21,malaria,8-Apr-21,26-Apr-21
Alexandre Lacazette,Arsenal,Center Forward,29,2020/21,Dead leg,18-Apr-21,6-May-21
Gabriel Magalhães,Arsenal,Center Back,23,2020/21,Coronavirus,26-Dec-20,13-Jan-21
Thomas Partey,Arsenal,Defensive Midfielder,28,2020/21,Muscle injury,9-Nov-20,3-Dec-20
Thomas Partey,Arsenal,Defensive Midfielder,28,2020/21,Hip injury,3-Dec-20,11-Jan-21
Thomas Partey,Arsenal,Defensive Midfielder,28,2020/21,Hamstring injury,4-Feb-21,22-Feb-21
Mohamed Elneny,Arsenal,Defensive Midfielder,28,2020/21,Virus,16-Nov-20,28-Nov-20
Martin Ødegaard,Arsenal,Attacking Midfielder,22,2020/21,Ankle injury,5-Apr-21,20-Apr-21
Willian,Arsenal,Left winger,32,2020/21,Calf injury,23-Nov-20,28-Nov-20
Willian,Arsenal,Left winger,32,2020/21,Ill,25-Dec-20,1-Jan-21
Kieran Tierney,Arsenal,Left Back,25,2021/22,Ankle problems,21-Oct-21,6-Nov-21
Kieran Tierney,Arsenal,Left Back,25,2021/22,Knee surgery,31-Mar-22,7-Jul-22
Granit Xhaka,Arsenal,Defensive Midfielder,29,2021/22,Inner ligament injury,27-Sep-21,5-Dec-21
Pierre-Emerick Aubameyang,Arsenal,Center Forward,33,2021/22,Coronavirus,2-Aug-21,16-Aug-21
Alexandre Lacazette,Arsenal,Center Forward,31,2021/22,Coronavirus,14-Apr-22,19-Apr-22
Gabriel Magalhães,Arsenal,Center Back,24,2021/22,Knee injury,6-Jul-21,25-Aug-21
Thomas Partey,Arsenal,Defensive Midfielder,29,2021/22,Ankle injury,29-Jul-21,30-Aug-21
Thomas Partey,Arsenal,Defensive Midfielder,29,2021/22,Knock,4-Apr-22,25-Jul-22
Ben White,Arsenal,Right Back,24,2021/22,Hamstring injury,25-Apr-22,15-May-22
Takehiro Tomiyasu,Arsenal,Right Back,23,2021/22,Calf injury,20-Feb-22,21-Apr-22
Gabriel Martinelli,Arsenal,Left winger,22,2022/23,Ankle injury,14-May-23,1-Jun-23
Eddie Nketiah,Arsenal,Center Forward,24,2022/23,Ankle injury,2-Mar-23,13-Apr-23
William Saliba,Arsenal,Center Back,22,2022/23,Back injury,16-Mar-23,1-Jul-23
Thomas Partey,Arsenal,Defensive Midfielder,30,2022/23,Thigh problems,25-Aug-22,15-Sep-22
Mohamed Elneny,Arsenal,Defensive Midfielder,30,2022/23,Thigh problems,27-Aug-22,1-Nov-22
Mohamed Elneny,Arsenal,Defensive Midfielder,30,2022/23,Knee injury,14-Jan-23,20-Sep-23
Takehiro Tomiyasu,Arsenal,Right Back,24,2022/23,muscular problems,3-Nov-22,15-Nov-22
Takehiro Tomiyasu,Arsenal,Right Back,24,2022/23,Knee surgery,16-Mar-23,1-Jul-23
Oleksandr Zinchenko,Arsenal,Left Back,26,2022/23,Knee problems and Calf injury,26-Aug-22,1-Nov-22
Oleksandr Zinchenko,Arsenal,Left Back,26,2022/23,unknown injury,14-Apr-23,17-Apr-23
Oleksandr Zinchenko,Arsenal,Left Back,26,2022/23,Calf muscle tear,7-May-23,18-Aug-23
Gabriel Jesus,Arsenal,Center Forward,26,2022/23,Knee injury,2-Dec-22,11-Mar-23
Gabriel Martinelli,Arsenal,Left winger,23,2023/24,Hamstring injury,17-Sep-23,7-Oct-23
Gabriel Martinelli,Arsenal,Left winger,23,2023/24,Foot injury,5-Mar-24,29-Mar-24
Bukayo Saka,Arsenal,Right winger,22,2023/24,unknown injury,21-Mar-24,6-Apr-24
Bukayo Saka,Arsenal,Right winger,22,2023/24,Thigh problems,3-Oct-23,21-Oct-23
Thomas Partey,Arsenal,Defensive Midfielder,31,2023/24,Groin injury,2-Sep-23,3-Oct-23
Thomas Partey,Arsenal,Defensive Midfielder,31,2023/24,Hamstring injury,9-Nov-23,29-Feb-24
Martin Ødegaard,Arsenal,Attacking Midfielder,25,2023/24,Hip problems,3-Nov-23,22-Nov-23
Ben White,Arsenal,Right Back,26,2023/24,Knee injury,9-Nov-23,20-Nov-23
Takehiro Tomiyasu,Arsenal,Right Back,25,2023/24,Calf injury,3-Dec-23,20-Mar-24
Oleksandr Zinchenko,Arsenal,Left Back,27,2023/24,Calf problems,30-Dec-23,18-Jan-24
Gabriel Jesus,Arsenal,Center Forward,27,2023/24,Hamstring injury,24-Oct-23,19-Nov-23
Gabriel Jesus,Arsenal,Center Forward,27,2023/24,Knee injury,5-Jan-24,18-Jan-24
Tyrone Mings,Aston Villa,Center Back,28,2019/20,Muscle strain,9-Dec-19,31-Dec-19
Jed Steer,Aston Villa,Goalkeeper,27,2019/20,Calf injury,11-Nov-19,15-Jun-20
Anwar El Ghazi,Aston Villa,Right winger,24,2019/20,Knee injury,2-Dec-19,7-Dec-19
Matt Targett,Aston Villa,Left Back,24,2019/20,Muscle strain,28-Jun-20,11-Jul-20
Matt Targett,Aston Villa,Left Back,24,2019/20,Hamstring injury,31-Dec-19,17-Jan-20
Matt Targett,Aston Villa,Left Back,24,2019/20,Hamstring injury,29-Aug-19,24-Sep-19
Jack Grealish,Aston Villa,Left winger,24,2019/20,Calf injury,27-Oct-19,24-Nov-19
Neil Taylor,Aston Villa,Left Back,31,2019/20,Hamstring injury,13-Jul-20,25-Jul-20
Björn Engels,Aston Villa,Center Back,25,2019/20,Groin injury,3-Nov-19,30-Nov-19
Tom Heaton,Aston Villa,Goalkeeper,34,2019/20,Cruciate ligament injury,1-Jan-20,7-Nov-20
Tom Heaton,Aston Villa,Goalkeeper,34,2019/20,Calf strain,10-Nov-19,25-Nov-19
Matty Cash,Aston Villa,Right Back,24,2020/21,Hamstring injury,18-Feb-21,"Mar 7, 0202"
Ezri Konsa,Aston Villa,Center Back,23,2020/21,bruise,13-Dec-20,25-Dec-20
Kortney Hause,Aston Villa,Center Back,25,2020/21,Ankle injury,3-Jan-21,5-Apr-21
Bertrand Traoré,Aston Villa,Right winger,24,2020/21,Bruised ribs,2-Nov-20,20-Nov-20
Douglas Luiz,Aston Villa,Central Midfielder,23,2020/21,Hamstring injury,25-Oct-20,25-Nov-20
Mahmoud Trezeguet,Aston Villa,Left winger,26,2020/21,Head injury,1-Dec-20,21-Jan-21
Morgan Sanson,Aston Villa,Central Midfielder,26,2020/21,Knee problems,9-Apr-21,29-Aug-21
Ross Barkley,Aston Villa,Central Midfielder,27,2020/21,Hamstring injury,21-Nov-20,19-Jan-21
Emiliano Martínez,Aston Villa,Goalkeeper,29,2021/22,Knee problems,20-May-22,29-May-22
Ezri Konsa,Aston Villa,Center Back,24,2021/22,Knee injury,15-May-22,10-Jul-22
Lucas Digne,Aston Villa,Left Back,28,2021/22,Shoulder injury,9-Apr-22,25-Apr-22
Lucas Digne,Aston Villa,Left Back,28,2021/22,Hamstring injury,14-Mar-22,21-Mar-22
Leon Bailey,Aston Villa,Right winger,24,2021/22,Thigh problems,5-Dec-21,10-Feb-22
Marvelous Nakamba,Aston Villa,Defensive Midfielder,25,2021/22,Knee injury,11-Dec-21,31-Mar-22
Morgan Sanson,Aston Villa,Central Midfielder,27,2021/22,Knock,10-Apr-22,8-May-22
Morgan Sanson,Aston Villa,Central Midfielder,27,2021/22,Ill,30-Oct-21,6-Nov-21
Morgan Sanson,Aston Villa,Central Midfielder,27,2021/22,Coronavirus,12-Dec-21,25-Dec-21
Matty Cash,Aston Villa,Right Back,25,2022/23,Calf injury,29-Mar-23,3-May-23
Matty Cash,Aston Villa,Right Back,25,2022/23,Tendon rupture,3-Sep-22,28-Sep-22
Diego Carlos,Aston Villa,Center Back,30,2022/23,Achilles tendon rupture,11-Aug-22,12-Mar-23
John McGinn,Aston Villa,Central Midfielder,28,2022/23,Hamstring strain,1-Jan-23,4-Feb-23
Lucas Digne,Aston Villa,Left Back,29,2022/23,Shoulder injury,14-Jan-23,3-Feb-23
Lucas Digne,Aston Villa,Left Back,29,2022/23,Ankle injury,17-Sep-22,27-Oct-22
Álex Moreno,Aston Villa,Left Back,31,2022/23,Hamstring injury,20-May-23,15-Sep-23
acob Ramsey,Aston Villa,Attacking Midfielder,22,2022/23,Hamstring injury,23-Nov-22,8-Jan-23
Boubacar Kamara,Aston Villa,Defensive Midfielder,23,2022/23,Ankle injury,12-Mar-23,18-Mar-23
Boubacar Kamara,Aston Villa,Defensive Midfielder,23,2022/23,Knee injury,15-Sep-22,31-Oct-22
Matty Cash,Aston Villa,Defensive Midfielder,26,2023/24,Calf injury,12-May-24,12-Jun-24
Matty Cash,Aston Villa,Right Back,26,2023/24,Hamstring injury,21-Mar-24,12-Apr-24
Matty Cash,Aston Villa,Right Back,26,2023/24,Ill,29-Dec-23,31-Dec-23
Diego Carlos,Aston Villa,Center Back,31,2023/24,Hamstring injury,14-Feb-24,5-Mar-24
Ezri Konsa,Aston Villa,Center Back,26,2023/24,Knee injury,4-Feb-24,1-Mar-24
Youri Tielemans,Aston Villa,Central Midfielder,27,2023/24,Groin injury,27-Apr-24,10-Jun-24
Youri Tielemans,Aston Villa,Central Midfielder,27,2023/24,Calf injury,13-Dec-23,12-Jan-24
Lucas Digne,Aston Villa,Left Back,30,2023/24,Hamstring injury,26-Dec-23,6-Feb-24
Pau Torres,Aston Villa,Center Back,27,2023/24,Ankle injury,5-Jan-24,4-Feb-24
Pau Torres,Aston Villa,Center Back,27,2023/24,unknown injury,18-Dec-23,23-Dec-23
Álex Moreno,Aston Villa,Left Back,31,2023/24,minor knock,15-Apr-24,31-May-24
Jhon Durán,Aston Villa,Center Forward,20,2023/24,unknown injury,11-Aug-23,13-Aug-23
Jhon Durán,Aston Villa,Center Forward,20,2023/24,infection,21-Oct-23,23-Oct-23
Jhon Durán,Aston Villa,Center Forward,20,2023/24,infection,28-Oct-23,6-Nov-23
Jhon Durán,Aston Villa,Center Forward,20,2023/24,Hamstring injury,25-Jan-24,8-Mar-24
Morgan Rogers,Aston Villa,Attacking Midfielder,21,2023/24,Hamstring injury,6-May-24,1-Jun-24
Leon Bailey,Aston Villa,Right winger,26,2023/24,Ill,18-May-24,31-May-24
Jacob Ramsey,Aston Villa,Attacking Midfielder,23,2023/24,Metatarsal fracture,2-Jul-23,20-Sep-23
Jacob Ramsey,Aston Villa,Attacking Midfielder,23,2023/24,Foot injury,4-Oct-23,24-Nov-23
Jacob Ramsey,Aston Villa,Attacking Midfielder,23,2023/24,Hamstring injury,13-Jan-24,29-Jan-24
Jacob Ramsey,Aston Villa,Attacking Midfielder,23,2023/24,Toe injury,3-Mar-24,Present
Boubacar Kamara,Aston Villa,Defensive Midfielder,24,2023/24,Knee injury,11-Feb-24,Present
Philippe Coutinho,Aston Villa,Attacking Midfielder,32,2023/24,Hamstring injury,20-Aug-23,25-Sep-23
Joel Pereria,Man United,Goalkeeper,24,2019/20,Back injury,2-Aug-19,16-Aug-19
Harry Maguire,Man United,Center Back,27,2020/21,Ankle injury,9-May-21,13-Jun-21
Harry Maguire,Man United,Center Back,28,2021/22,Calf injury,25-Sep-21,15-Oct-21
Harry Maguire,Man United,Center Back,28,2021/22,Chest injury,1-Jan-22,14-Jan-22
Harry Maguire,Man United,Center Back,28,2021/22,Knee problems,26-Apr-22,3-May-22
Harry Maguire,Man United,Center Back,29,2022/23,Hamstring injury,26-Sep-22,25-Oct-22
Victor Lindelof,Man United,Center Back,25,2019/20,Ill,20-Jan-20,25-Jan-20
Victor Lindelof,Man United,Center Back,26,2020/21,Back injury,27-Dec-20,6-Jan-21
Victor Lindelof,Man United,Center Back,26,2021/22,Coronavirus,26-Dec-21,5-Jan-22
Victor Lindelof,Man United,Center Back,27,2021/22,Ill,31-Jan-22,7-Feb-22
Victor Lindelof,Man United,Center Back,28,2022/23,Back problems,7-Aug-22,31-Aug-22
Eric Bailly,Man United,Center Back,26,2019/20,Knee surgery,25-Jul-19,10-Jan-20
Eric Bailly,Man United,Center Back,26,2019/20,Neck injury,20-Jul-20,25-Jul-20
Eric Bailly,Man United,Center Back,27,2020/21,Muscle injury,18-Oct-20,1-Dec-20
Eric Bailly,Man United,Center Back,27,2020/21,Knock,21-Jan-21,25-Mar-21
Eric Bailly,Man United,Center Back,27,2020/21,Coronavirus,31-Mar-21,20-Apr-21
Eric Bailly,Man United,Center Back,28,2021/22,Ankle injury,3-Feb-22,16-Feb-22
Axel Tuanzebe,Man United,Center Back,22,2019/20,Hip injury,19-Oct-19,23-Nov-19
Axel Tuanzebe,Man United,Center Back,22,2019/20,Hamstring strain,18-Dec-19,5-Mar-20
Axel Tuanzebe,Man United,Center Back,23,2020/21,Ankle injury,18-Jun-20,19-Oct-20
Axel Tuanzebe,Man United,Center Back,24,2022/23,unknown injury,13-Jul-22,23-Jan-23
Phil Jones,Man United,Center Back,28,2019/20,Knock,26-Sep-19,19-Oct-19
Phil Jones,Man United,Center Back,28,2019/20,Knee injury,12-Jun-20,9-Sep-21
Luke Shaw,Man United,Left Back,24,2019/20,Hamstring injury,24-Aug-19,7-Oct-19
Luke Shaw,Man United,Left Back,24,2019/20,Muscle injury,18-Oct-19,27-Nov-19
Luke Shaw,Man United,Left Back,25,2020/21,Ankle injury,14-Jul-20,11-Sep-20
Luke Shaw,Man United,Left Back,25,2020/21,Hamstring injury,7-Nov-20,7-Dec-20
Luke Shaw,Man United,Left Back,26,2021/22,Head injury,20-Nov-21,7-Dec-21
Luke Shaw,Man United,Left Back,26,2021/22,Hamstring injury,18-Jan-22,31-Jan-22
Luke Shaw,Man United,Left Back,26,2021/22,Coronavirus,2-Mar-22,16-Mar-22
Luke Shaw,Man United,Left Back,26,2021/22,Leg injury,2-Apr-22,13-May-22
Luke Shaw,Man United,Left Back,27,2022/23,unknown injury,6-Apr-23,19-Apr-23
Brandon Williams,Man United,Left Back,19,2019/20,Head injury,14-Jul-20,18-Jul-20
Aaron Wan-Bissaka,Man United,Right Back,22,2019/20,Tonsillitis,27-Sep-19,19-Oct-19
Aaron Wan-Bissaka,Man United,Right Back,23,2021/22,Hand injury,29-Nov-21,4-Dec-21
Aaron Wan-Bissaka,Man United,Right Back,23,2021/22,Ill,14-Jan-22,23-Jan-22
Aaron Wan-Bissaka,Man United,Right Back,24,2022/23,Back problems,12-Sep-22,25-Oct-22
Nemanja Matic,Man United,Defensive Midfielder,31,2019/20,unknown injury,20-Oct-19,11-Dec-19
Nemanja Matic,Man United,Defensive Midfielder,32,2021/22,Shin injury,10-Feb-22,18-Feb-22
Paul Pogba,Man United,Central Midfielder,27,2019/20,Ankle problems,30-Sep-19,23-Dec-19
Paul Pogba,Man United,Central Midfielder,27,2019/20,Ankle problems,26-Dec-19,8-Jun-20
Paul Pogba,Man United,Central Midfielder,28,2020/21,Ankle injury,16-Nov-20,3-Dec-20
Paul Pogba,Man United,Central Midfielder,28,2020/21,Hamstring injury,4-Feb-21,18-Mar-21
Paul Pogba,Man United,Central Midfielder,28,2021/22,Hamstring injury,8-Nov-21,3-Feb-22
Paul Pogba,Man United,Central Midfielder,28,2021/22,Calf injury,18-Apr-22,23-May-22
Scott McToMinay,Man United,Central Midfielder,23,2019/20,Knee injury,11-Nov-19,4-Dec-19
Scott McToMinay,Man United,Central Midfielder,23,2019/20,Knee injury,27-Dec-19,22-Feb-20
Scott McToMinay,Man United,Central Midfielder,24,2020/21,bruise,22-Nov-20,1-Dec-20
Scott McToMinay,Man United,Central Midfielder,24,2020/21,Knock,18-Feb-21,26-Feb-21
Scott McToMinay,Man United,Central Midfielder,24,2021/22,Groin injury,26-Aug-21,16-Sep-21
Scott McToMinay,Man United,Central Midfielder,25,2021/22,Foot injury,6-Apr-22,18-Apr-22
Scott McToMinay,Man United,Central Midfielder,26,2022/23,unknown injury,27-Jan-23,18-Feb-23
Scott McToMinay,Man United,Central Midfielder,26,2022/23,unknown injury,9-Apr-23,11-May-23
Fred,Man United,Central Midfielder,27,2021/22,Coronavirus,7-Feb-22,14-Feb-22
Fred,Man United,Central Midfielder,27,2021/22,Hip flexor problems,9-Apr-22,30-Apr-22
Bruno Fernandes,Man United,Attacking Midfielder,25,2021/22,Ill,12-Mar-22,14-Mar-22
Jesse Lingard,Man United,Attacking Midfielder,27,2019/20,Ill,7-Sep-19,18-Sep-19
Jesse Lingard,Man United,Attacking Midfielder,27,2019/20,Hamstring injury,4-Oct-19,23-Oct-19
Jesse Lingard,Man United,Attacking Midfielder,27,2019/20,Ill,9-Jan-20,14-Jan-20
Juan Mata,Man United,Attacking Midfielder,32,2020/21,Muscle injury,25-Feb-21,3-Apr-21
Marcus Rashford,Man United,Left winger,22,2019/20,Back injury,16-Jan-20,5-Jun-20
Marcus Rashford,Man United,Left winger,23,2021/22,Shoulder injury,14-Jul-21,15-Oct-21
Marcus Rashford,Man United,Left winger,24,2021/22,Dead leg,13-Jan-22,17-Jan-22
Marcus Rashford,Man United,Left winger,24,2021/22,bronchitis,4-May-22,19-May-22
Marcus Rashford,Man United,Left winger,24,2022/23,Muscle injury,8-Apr-23,19-Apr-23
Marcus Rashford,Man United,Left winger,25,2022/23,Leg injury,11-May-23,24-May-23
Mason Greenwood,Man United,Right winger,18,2019/20,Tonsillitis,20-Sep-19,23-Sep-19
Mason Greenwood,Man United,Right winger,19,2020/21,bruise,17-Oct-20,23-Nov-20
Mason Greenwood,Man United,Right winger,20,2021/22,Coronavirus,19-Nov-21,27-Nov-21
Daniel James,Man United,Right winger,22,2019/20,Knock,28-Feb-20,7-Mar-20
Daniel James,Man United,Right winger,23,2020/21,unknown injury,30-Apr-21,21-May-21
Anthony Martial,Man United,Center Forward,24,2019/20,Hamstring strain,25-Aug-19,20-Oct-19
Anthony Martial,Man United,Center Forward,25,2020/21,Torn knee ligaments,29-Mar-21,2-Aug-21
Anthony Martial,Man United,Center Forward,26,2021/22,Fitness,15-Oct-21,29-Oct-21
Anthony Martial,Man United,Center Forward,26,2021/22,Knee injury,4-Dec-21,13-Dec-21
Anthony Martial,Man United,Center Forward,27,2022/23,Achilles tendon irritation,23-Aug-22,26-Sep-22
Anthony Martial,Man United,Center Forward,27,2022/23,Back injury,10-Oct-22,31-Oct-22
Anthony Martial,Man United,Center Forward,27,2022/23,Hip injury,2-Feb-23,8-Mar-23
Donny Van De Beek,Man United,Central Midfielder,30,2020/21,Muscle injury,1-Mar-21,15-Mar-21
Donny Van De Beek,Man United,Central Midfielder,32,2022/23,Shingles,3-Sep-22,24-Oct-22
Edinson Cavani,Man United,Center Forward,34,2020/21,Knock,6-Dec-20,18-Dec-20
Edinson Cavani,Man United,Center Forward,34,2020/21,Muscle injury,15-Feb-21,1-Mar-21
Edinson Cavani,Man United,Center Forward,34,2020/21,Knock,5-Mar-21,21-Mar-21
Edinson Cavani,Man United,Center Forward,35,2021/22,Tendon irritation,4-Nov-21,22-Dec-21
Edinson Cavani,Man United,Center Forward,35,2021/22,Groin problems,11-Feb-22,7-Mar-22
Edinson Cavani,Man United,Center Forward,35,2021/22,Calf injury,1-Apr-22,30-Apr-22
Raphael Varane,Man United,Center Back,30,2021/22,Groin injury,11-Oct-21,26-Oct-21
Raphael Varane,Man United,Center Back,30,2021/22,Hamstring injury,2-Nov-21,22-Dec-21
Raphael Varane,Man United,Center Back,30,2021/22,abdominal problems,14-Feb-22,18-Feb-22
Raphael Varane,Man United,Center Back,30,2021/22,muscular problems,3-Apr-22,21-Apr-22
Raphael Varane,Man United,Center Back,31,2022/23,Leg injury,22-Oct-22,14-Nov-22
Raphael Varane,Man United,Center Back,31,2022/23,Foot injury,14-Apr-23,8-May-23
Christiano Ronaldo,Man United,Center Forward,39,2021/22,Hip flexor problems,10-Jan-22,17-Jan-22
Christiano Ronaldo,Man United,Center Forward,39,2021/22,Hip flexor problems,3-Mar-22,7-Mar-22
Lisandro Martinez,Man United,Center Back,28,2022/23,Metatarsal fracture,14-Apr-23,30-Jun-23
Christian Eriksen,Man United,Central Midfielder,33,2022/23,Ankle injury,29-Jan-23,6-Apr-23
Marcel Sabitzer,Man United,Central Midfielder,32,2022/23,unknown injury,6-Mar-23,14-Mar-23
Marcel Sabitzer,Man United,Central Midfielder,32,2022/23,Groin problems,16-Apr-23,19-Apr-23
Marcel Sabitzer,Man United,Central Midfielder,32,2022/23,Meniscus injury,10-May-23,15-Jun-23
Jadon Sancho,Man United,Left winger,19,2021/22,Tonsillitis,26-Apr-22,8-May-22
Jadon Sancho,Man United,Left winger,20,2022/23,depression,26-Dec-22,31-Jan-23
David Raya,Brentford,Goalkeeper,26,2021/22,Knee injury,25-Oct-21,4-Feb-22
Kristoffer Ajer,Brentford,Center Back,24,2021/22,Hamstring injury,9-Jul-22,31-Aug-22
Kristoffer Ajer,Brentford,Center Back,26,2023/24,Foot injury,2-Dec-23,16-Jan-24
Kristoffer Ajer,Brentford,Center Back,26,2023/24,Calf strain,6-Apr-24,20-Apr-24
Ethan Pinnock,Brentford,Center Back,29,2023/24,Ankle injury,10-Feb-24,13-Apr-24
Rico Henry,Brentford,Left Back,24,2023/24,Knee injury,16-Sep-23,5-Oct-24
Christian Norgaard,Brentford,Defensive Midfielder ,30,2023/24,Foot injury,5-Jan-24,30-Jan-24
Christian Norgaard,Brentford,Defensive Midfielder ,30,2023/24,Back injury,9-Mar-24,16-Apr-24
Vitaly Janelt,Brentford,Defensive Midfielder ,24,2022/23,Knee injury,15-Mar-23,6-Apr-23
Christian Eriksen,Brentford,Central Midfielder,30,2021/22,Fitness,31-Jan-22,25-Feb-22
Mathias Jensen,Brentford,Central Midfielder,26,2021/22,Leg injury,7-Jul-21,31-Aug-21
Josh Dasilva,Brentford,Central Midfielder,23,2023/24,Hamstring injury,19-Aug-23,4-Jan-24
Josh Dasilva,Brentford,Central Midfielder,23,2023/24,Ankle injury,6-Dec-23,30-Mar-24
Josh Dasilva,Brentford,Central Midfielder,23,2023/24,Knee surgery,5-Feb-24,15-Mar-25
Frank Onyeka,Brentford,Central Midfielder,24,2021/22,Ankle injury,25-Mar-22,16-May-22
Frank Onyeka,Brentford,Central Midfielder,25,2022/23,Thigh problems,25-Mar-23,9-Apr-23
Shandon Baptiste,Brentford,Central Midfielder,24,2023/24,Shoulder injury,25-Aug-23,11-Nov-23
Samman Ghoddos,Brentford,Attacking Midfielder,28,2021/22,Coronavirus,19-Mar-22,26-Mar-22
Bryan Mbeumo,Brentford,Right winger,22,2023/24,Ankle injury,7-Dec-23,12-Mar-24
Sergi Canos,Brentford,Right winger,25,2022/23,Hamstring injury,1-Aug-22,5-Sep-22
Yoane Wissa,Brentford,Center Forward,25,2023/24,Ankle injury,14-Sep-24,30-Nov-24
Ben Mee,Brentford,Center Back,33,2023/24,Muscle injury,26-Sep-23,20-Oct-23
Ben Mee,Brentford,Center Back,33,2023/24,Ankle injury,26-Feb-24,30-Jun-24
Aaron Hickey,Brentford,Right Back,21,2022/23,Ankle injury,10-Oct-22,31-Dec-22
Aaron Hickey,Brentford,Right Back,22,2023/24,Hamstring injury,2-Nov-23,2-Apr-25
Kevin Schade,Brentford,Left winger,21,2023/24,Adductor injury,23-Sep-23,10-Apr-24
Mikkel Damsgaard,Brentford,Left winger,22,2023/24,Knee surgery,29-Sep-23,5-Dec-23
Mikkel Damsgaard,Brentford,Left winger,22,2023/24,Adductor pain,26-Aug-23,27-Sep-23
Keane Lewis-Potter,Brentford,Left winger,22,2022/23,Knee injury,5-Mar-23,2-May-23
Keane Lewis-Potter,Brentford,Left winger,22,2022/23,Fitness,11-Oct-22,31-Oct-22
Keane Lewis-Potter,Brentford,Left winger,22,2022/23,Ligament injury,5-Sep-22,10-Oct-22
Mark Flekken,Brentford,Goalkeeper,31,2023/24,cold,3-Oct-23,19-Oct-23
Nathan Collins,Brentford,Center Back,23,2023/24,Injury to the ankle,18-Nov-23,15-Dec-23
Nathan Collins,Brentford,Center Back,23,2023/24,unknown injury,17-May-24,26-Jun-24
Richarlison,Tottenham,Center Forward,27,2021/22,Calf injury,"Oct 15,2022","Nov 8,2022"
Richarlison,Tottenham,Center Forward,28,2022/23,Hamstring injury,"Dec 9,2022","Jan 13,2023"
Richarlison,Tottenham,Center Forward,28,2022/23,Groin Surgery,"Nov 10,2023","Dec 3,2023"
Sergio Reguilon,Tottenham,Left Back,24,2020/21,Ankle sprain,"Sep 7,2020","Sep 25,2020"
Sergio Reguilon,Tottenham,Left Back,24,2020/21,Muscle injury,"Jan 26,2021","Feb 19,2021"
Sergio Reguilon,Tottenham,Left Back,25,2021/22,Coronavirus,"Feb 15,2022","Feb 22,2022"
Sergio Reguilon,Tottenham,Left Back,25,2021/22,Groin Surgery,"Apr 30,2022","Jun 30,2022"
Ben Davies,Tottenham,Center Back,27,2019/20,Groin Surgery,"Jan 24,2019","Feb 25,2019"
Ben Davies,Tottenham,Center Back,27,2019/20,Ankle sprain,"Aug 8,2019","Aug 19,2019"
Ben Davies,Tottenham,Center Back,28,2020/21,Shin injury,"Nov 21,2020","Feb 10,2021"
Ben Davies,Tottenham,Center Back,30,2022/23,Shin injury,"Sep 15,2022","Oct 3,2022"
Heungmin Son,Tottenham,Left winger,28,2019/20,Broken arm,"Feb 17,2020","Apr 30,2020"
Heungmin Son,Tottenham,Left winger,29,2020/21,Hamstring injury,"Mar 15,2021","Apr 5,2021"
Heungmin Son,Tottenham,Left winger,30,2021/22,Calf injury,"Sep 6,2021","Sep 20,2021"
Heungmin Son,Tottenham,Left winger,30,2021/22,Hamstring injury,"Jan 6,2022","Feb 3,2022"
Heungmin Son,Tottenham,Left winger,31,2022/23,Facial fracture,"Nov 2,2022","Nov 20,2022"
Oliver Skipp,Tottenham,Defensive Midfielder,19,2019/20,Hip injury,"Nov 9,2019","Dec 4,2019"
Oliver Skipp,Tottenham,Defensive Midfielder,22,2021/22,Inflammation bone,"Feb 5,2022","Jun 30,2022"
Oliver Skipp,Tottenham,Defensive Midfielder,22,2022/23,Foot injury,"Jul 18,2022","Aug 29,2022"
Harry winks,Tottenham,Defensive Midfielder,24,2020/21,Ankle sprain,"Dec 6,2019","Dec 19,2019"
Harry winks,Tottenham,Defensive Midfielder,23,2019/20,Knock,"Nov 19,2020","Nov 25,2020"
Moussa Sissoko,Tottenham,Central Midfielder,30,2019/20,Knee Surgery,"Jan 2,2020","Mar 20,2020"
Lucas Moura,Tottenham,Right winger,29,2021/22,Ankle sprain,"Sep 16,2021","Sep 23,2021"
Lucas Moura,Tottenham,Right winger,30,2021/22,Dead leg,"Feb 24,2022","Mar 23,2022"
Lucas Moura,Tottenham,Right winger,30,2022/23,Calf injury,"Aug 29,2022","Oct 10,2022"
Dele Alli,Tottenham,Attacking Midfielder,23,2019/20,Hamstring injury,"Aug 4,2019","Aug 31,2019"
Dele Alli,Tottenham,Attacking Midfielder,24,2019/20,Muscle injury,"Jul 3,2020","Jul 25,2020"
Dele Alli,Tottenham,Attacking Midfielder,25,2020/21,Tendon irritation,"Jan 22,2021","Feb 9,2021"
Harry Kane,Tottenham,Center Forward,26,2019/20,Ill,"Nov 1,2019","Nov 4,2019"
Harry Kane,Tottenham,Center Forward,27,2019/20,Torn thigh muscle,"Jan 2,2020","Mar 9,2020"
Harry Kane,Tottenham,Center Forward,27,2019/20,Fitness,"Mar 9,2020","Apr 1,2020"
Harry Kane,Tottenham,Center Forward,28,2020/21,Ankle sprain,"Jan 29,2021","Feb 5,2021"
Harry Kane,Tottenham,Center Forward,28,2020/21,Ankle sprain,"Apr 16,2021","Apr 22,2021"
Hugo Lloris,Tottenham,Goalkeeper,32,2019/20,Elbow injury,"Oct 6,2019","Jan 18,2020"
Hugo Lloris,Tottenham,Goalkeeper,33,2019/20,Groin Strain,"Feb 6,2020","Mar 6,2020"
Hugo Lloris,Tottenham,Goalkeeper,36,2022/23,Knee injury,"Feb 6,2023","Mar 22,2023"
Hugo Lloris,Tottenham,Goalkeeper,36,2022/23,Thigh Problems,"Apr 24,2023","Oct 2,2023"
Davinson Sanchez,Tottenham,Center Back,23,2019/20,Ankle sprain,"Sep 12,2019","Sep 17,2019"
Davinson Sanchez,Tottenham,Center Back,25,2021/22,Quarantine,"Sep 9,2021","Sep 17,2021"
Eric Dier,Tottenham,Center Back,25,2019/20,Hip injury,"Aug 30,2019","Sep 12,2019"
Eric Dier,Tottenham,Center Back,26,2020/21,Muscle injury,"Oct 13,2020","Oct 25,2020"
Eric Dier,Tottenham,Center Back,28,2021/22,Thigh Problems,"Jan 3,2022","Jan 20,2022"
Eric Dier,Tottenham,Center Back,28,2021/22,Thigh Problems,"Feb 4,2022","Feb 15,2022"
Ryan Sessegnon,Tottenham,Left Back,21,2021/22,Bruise,"Sep 1,2021","Nov 14,2021"
Ryan Sessegnon,Tottenham,Left Back,21,2021/22,Muscle injury,"Dec 21,2021","Jan 7,2022"
Ryan Sessegnon,Tottenham,Left Back,22,2021/22,Hamstring injury,"Mar 7,2022","Apr 7,2022"
Ryan Sessegnon,Tottenham,Left Back,23,2022/23,Hamstring injury,"Feb 11,2023","Jun 30,2023"
Emerson Royal,Tottenham,Right Back,22,2021/22,Unknown surgery,"Dec 3,2021","Dec 13,2021"
Emerson Royal,Tottenham,Right Back,24,2022/23,Knee injury,"Mar 25,2023","May 1,2023"
Matt Doherty,Tottenham,Right Back,28,2020/21,Coronavirus,"Nov 16,2020","Nov 25,2020"
Matt Doherty,Tottenham,Right Back,29,2020/21,Unknown injury,"Jan 16,2021","Jan 26,2021"
Matt Doherty,Tottenham,Right Back,29,2020/21,Muscle injury,"Apr 1,2021","Apr 30,2021"
Matt Doherty,Tottenham,Right Back,29,2021/22,Unknown injury,"Oct 13,2021","Oct 26,2021"
Matt Doherty,Tottenham,Right Midfielder,30,2021/22,Internal ligament tear,"Apr 10,2022","Jul 10,2022"
Pierre Emile Hojberg,Tottenham,Defensive Midfielder,28,2022/23,Bruise,"May 10,2023","Jun 7,2023"
Rodrigo Bentacur,Tottenham,Defensive Midfielder,25,2021/22,Ankle injury,"Feb 25,2022","Mar 4,2022"
Rodrigo Bentacur,Tottenham,Defensive Midfielder,25,2022/23,Head injury,"Aug 28,2022","Sep 1,2022"
Rodrigo Bentacur,Tottenham,Defensive Midfielder,25,2022/23,Adductor pain,"Dec 3,2022","Jan 16,2023"
Rodrigo Bentacur,Tottenham,Defensive Midfielder,26,2022/23,Cruciate ligament tear,"Feb 12,2023","Oct 24,2023"
Rodrigo Bentacur,Tottenham,Defensive Midfielder,26,2023/24,Torn ankle ligaments,"Nov 27,2023","Dec 29,2023"
Tanguy Ndombele,Tottenham,Central Midfielder ,22,2019/20,Hamstring injury,"Aug 18,2019","Sep 12,2019"
Tanguy Ndombele,Tottenham,Central Midfielder ,22,2019/20,Groin Strain,"Nov 19,2019","Nov 26,2019"
Tanguy Ndombele,Tottenham,Central Midfielder ,22,2019/20,Groin Strain,"Dec 6,2019","Dec 21,2019"
Tanguy Ndombele,Tottenham,Central Midfielder ,23,2019/20,Groin Strain,"Jan 1,2020","Jan 21,2019"
Tanguy Ndombele,Tottenham,Central Midfielder ,23,2019/20,Knock,"Jul 13,2020","Jul 31,2020"
Tanguy Ndombele,Tottenham,Central Midfielder ,23,2020/21,Unknown injury,"Dec 5,2020","Dec 8,2020"
Giovani Lo Celso,Tottenham,Central Midfielder ,23,2019/20,Hip injury,"Sep 7,2019","Oct 20,2019"
Giovani Lo Celso,Tottenham,Central Midfielder ,24,2020/21,Hamstring injury,"Aug 22,2020","Sep 16,2020"
Giovani Lo Celso,Tottenham,Central Midfielder ,24,2020/21,Muscle Strain,"Oct 2,2020","Oct 21,2020"
Giovani Lo Celso,Tottenham,Central Midfielder ,24,2020/21,Hamstring injury,"Dec 20,2020","Mar 14,2021"
Giovani Lo Celso,Tottenham,Central Midfielder ,26,2021/22,Quarantine,"Sep 9,2021","Sep 17,2021"
Giovani Lo Celso,Tottenham,Central Midfielder ,25,2021/22,Knee injury,"Nov 18,2021","Dec 15,2021"
Giovani Lo Celso,Tottenham,Central Midfielder ,25,2021/22,Shin injury,"Dec 25,2021","Dec 30,2021"
Giovani Lo Celso,Tottenham,Central Midfielder ,27,2023/24,Hamstring injury,"Aug 29,2023","Oct 5,2023"
Giovani Lo Celso,Tottenham,Central Midfielder ,27,2023/24,Unknown injury,"Dec 14,2023","Dec 22,2024"
Giovani Lo Celso,Tottenham,Central Midfielder ,28,2023/24,Muscle Strain,"Jan 6,2024","Feb 11,2024"
Giovani Lo Celso,Tottenham,Central Midfielder ,28,2023/24,Knee injury,"May 15,2024","May 20,2024"
Bryan Gil,Tottenham,Left winger,20,2021/22,Hamstring injury,"Oct 25,2021","Nov 18,2021"
Bryan Gil,Tottenham,Left winger,20,2021/22,Coronavirus,"Dec 6,2021","Dec 23,2021"
Bryan Gil,Tottenham,Left winger,21,2022/23,Knock,"Aug 29,2022","Sep 12,2022"
Bryan Gil,Tottenham,Left winger,22,2023/24,Inflammation of pubic bone,"Aug 2,2023","Oct 5,2023"
Bryan Gil,Tottenham,Left winger,22,2020/21,Knock,"Nov 6,2020","Nov 20,2020"
Nick Pope,Burnley,Goalkeeper,28,2020/21,head injury,27-Nov-20,4-Dec-20
Nick Pope,Burnley,Goalkeeper,28,2020/21,knee surgery,12-May-21,30-Jun-21
Nick Pope,Burnley,Goalkeeper,29,2021/22,Coronavirus,29-Dec-21,6-Jan-22
James Tarkowski,Burnley,Center Back,27,2020/21,toe injury,16-Sep-20,29-Sep-20
Ben Mee,Burnley,Center Back,30,2019/20,hamstring strain,3-Jul-20,5-Nov-20
Ben Mee,Burnley,Center Back,31,2020/21,head injury,14-Feb-21,21-Feb-21
Ben Mee,Burnley,Center Back,32,2021/22,hairline fracture,1-Mar-22,30-Jun-22
Erik Pieters,Burnley,Center Back,32,2020/21,calf injury,20-Oct-20,22-Nov-20
Erik Pieters,Burnley,Center Back,33,2021/22,knee injury,26-Feb-22,2-May-22
Charlie Taylor,Burnley,Left Back,26,2019/20,hamstring strain,1-Dec-19,20-Dec-19
Charlie Taylor,Burnley,Left Back,26,2019/20,hamstring strain,3-Feb-20,14-Feb-20
Charlie Taylor,Burnley,Left Back,26,2020/21,hamstring strain,16-Jul-20,16-Sep-20
Charlie Taylor,Burnley,Left Back,27,2020/21,hamstring strain,30-Dec-20,15-Feb-21
Charlie Taylor,Burnley,Left Back,28,2021/22,Bruise on ankle,7-Jan-22,25-Feb-22
Matthew Lowton,Burnley,Right Back,30,2019/20,knee injury,3-Feb-20,10-Jun-20
Matthew Lowton,Burnley,Right Back,31,2019/20,ankle and knee injury,28-Jun-20,25-Oct-20
Phil Bardsley,Burnley,Right Back,34,2019/20,knock,5-Dec-19,13-Dec-19
Phil Bardsley,Burnley,Right Back,34,2019/20,back injury,20-Jan-20,1-Feb-20
Jack Cork,Burnley,Defensive Midfielder,30,2019/20,shoulder injury,29-Sep-19,25-Oct-19
Jack Cork,Burnley,Defensive Midfielder,31,2020/21,broken foot,30-Jun-20,13-Dec-20
Ashley Westwood,Burnley,Defensive Midfielder,30,2019/20,groin injury,24-Nov-19,13-Dec-19
Ashley Westwood,Burnley,Defensive Midfielder,33,2021/22,broken ankle,17-Apr-22,31-Dec-22
Josh Brownhill,Burnley,Central Midfielder,24,2020/21,ankle injury,28-Jan-21,12-Feb-21
Josh Brownhill,Burnley,Central Midfielder,26,2021/22,Coronavirus,13-Dec-21,6-Jan-22
Robbie Brady,Burnley,Left Midfielder,28,2020/21,chest injury,21-Sep-20,2-Oct-20
Robbie Brady,Burnley,Left Midfielder,28,2020/21,hamstring injury,24-Nov-20,4-Dec-20
Robbie Brady,Burnley,Left Midfielder,28,2020/21,hamstring injury,22-Dec-20,28-Dec-20
Robbie Brady,Burnley,Left Midfielder,29,2020/21,calf injury,1-Feb-21,12-Feb-21
Dwight McNeil,Burnley,Left winger,21,2020/21,groin injury,22-Dec-20,11-Jan-21
Jóhann Berg Gudmundsson,Burnley,Right winger,28,2019/20,calf strain,26-Aug-19,27-Sep-19
Jóhann Berg Gudmundsson,Burnley,Right winger,29,2019/20,hamstring strain,13-Oct-19,25-Dec-19
Jóhann Berg Gudmundsson,Burnley,Right winger,29,2019/20,hamstring strain,5-Jan-20,4-Jul-20
Jóhann Berg Gudmundsson,Burnley,Right winger,29,2020/21,knee injury,18-Sep-20,2-Oct-20
Jóhann Berg Gudmundsson,Burnley,Right winger,30,2020/21,hamstring strain,28-Oct-20,5-Nov-20
Jóhann Berg Gudmundsson,Burnley,Right winger,30,2020/21,hamstring strain,29-Nov-20,11-Jan-21
Jóhann Berg Gudmundsson,Burnley,Right winger,30,2020/21,groin strain,18-Feb-21,4-Mar-21
Jóhann Berg Gudmundsson,Burnley,Right winger,31,2021/22,appendectomy and calf injury,24-Jan-22,21-Aug-22
Jóhann Berg Gudmundsson,Burnley,Right winger,32,2023/24,muscle injury,23-Sep-23,22-Oct-23
Aaron Lennon,Burnley,Right winger,32,2019/20,ill,22-Dec-19,10-Jan-20
Chris Wood,Burnley,Center Forward,27,2019/20,hamstring injury,20-Oct-19,8-Nov-19
Chris Wood,Burnley,Center Forward,28,2019/20,hamstring strain,16-Feb-20,28-Feb-20
Chris Wood,Burnley,Center Forward,28,2019/20,calf injury,5-Jun-20,4-Jul-20
Chris Wood,Burnley,Center Forward,29,2020/21,hamstring strain,1-Feb-21,18-Feb-21
Ashley Barnes,Burnley,Center Forward,29,2019/20,groin injury,17-Oct-19,25-Oct-19
Ashley Barnes,Burnley,Center Forward,30,2019/20,groin injury,5-Dec-19,13-Dec-19
Ashley Barnes,Burnley,Center Forward,30,2019/20,groin surgery,2-Jan-20,29-Sep-20
Ashley Barnes,Burnley,Center Forward,31,2020/21,bruise,27-Jan-21,5-Feb-21
Ashley Barnes,Burnley,Center Forward,32,2021/22,groin injury,18-Nov-21,6-Feb-22
Jay Rodríguez,Burnley,Center Forward,30,2019/20,ill,5-Jan-20,18-Jan-20
Jay Rodríguez,Burnley,Center Forward,30,2019/20,hamstring strain,26-Jun-20,4-Jul-20
Jay Rodríguez,Burnley,Center Forward,31,2020/21,ankle injury,23-Sep-20,18-Oct-20
Jay Rodríguez,Burnley,Center Forward,32,2020/21,knee injury,28-Dec-20,11-Jan-21
Jay Rodríguez,Burnley,Center Forward,33,2021/22,hamstring injury,29-Apr-20,7-Aug-20
Matej Vydra,Burnley,Center Forward,27,2019/20,hip injury,3-Nov-19,3-Dec-19
Matej Vydra,Burnley,Center Forward,28,2020/21,back injury,18-Dec-20,11-Jan-20
Matej Vydra,Burnley,Center Forward,28,2020/21,hamstring injury,10-Feb-21,18-Feb-21
Matej Vydra,Burnley,Center Forward,29,2021/22,groin surgery and elbow injury,3-Feb-22,28-Feb-22
Dale Stephens,Burnley,Central Midfielder,31,2020/21,hamstring injury,19-Nov-20,13-Dec-20
Dale Stephens,Burnley,Central Midfielder,31,2020/21,knock,14-Feb-21,18-Feb-21
Connor Roberts,Burnley,Right Back,26,2021/22,infection,8-Dec-21,9-Jan-22
Maxwel Cornet,Burnley,Left winger,25,2021/22,hamstring injury,4-Dec-21,31-Dec-21
Maxwel Cornet,Burnley,Left winger,25,2021/22,knee problems,22-Apr-22,5-May-22
Jordan Beyer,Burnley,Center Back,23,2023/24,meniscus injury,4-Oct-23,30-Oct-23
Jordan Beyer,Burnley,Center Back,23,2023/24,knee injury,8-Jan-24,Present
Hjalmar Ekdal,Burnley,Center Back,23,2023/24,knee injury,30-Aug-23,18-Nov-23
Mike Trésor,Burnley,Left winger,24,2023/24,hamstring injury,10-Aug-23,17-Sep-23
Luca Koleosho,Burnley,Right winger,19,2023/24,knee injury,6-Dec-23,17-Jun-24
Nathan Redmond,Burnley,Right winger,29,2023/24,unknown injur,10-Sep-23,15-Oct-23
Lyle Foster,Burnley,Center Forward,23,2023/24,depression,9-Nov-23,10-Dec-23
Ameen Al-Dakhil,Burnley,Center Back,21,2023/24,muscle injury,8-Feb-24,23-Sep-24
Vitinho,Burnley,Right Back,24,2023/24,knee injury,30-Aug-23,25-Sep-23
Jordan Pickford,Everton,Goalkeeper,26,2020/21,chest injury,28-Jan-21,18-Feb-21
Jordan Pickford,Everton,Goalkeeper,27,2021/22,shoulder injury,13-Sep-21,27-Sep-21
Jordan Pickford,Everton,Goalkeeper,28,2022/23,thigh problems,9-Sep-22,27-Sep-22
Michael Keane,Everton,Center Back,27,2019/20,neck injury,17-Jan-20,20-Jan-20
Yerry Mina,Everton,Center Back,25,2019/20,knee injury,20-Oct-19,2-Nov-19
Yerry Mina,Everton,Center Back,25,2019/20,bruise,6-Dec-19,14-Dec-19
Yerry Mina,Everton,Center Back,25,2019/20,muscle injury,2-Jun-20,30-Jun-20
Yerry Mina,Everton,Center Back,25,2019/20,muscle injury,13-Jul-20,12-Sep-20
Yerry Mina,Everton,Center Back,26,2020/21,calf injury,18-Feb-21,12-Mar-21
Yerry Mina,Everton,Center Back,27,2021/22,thigh problems,22-Oct-21,30-Nov-21
Yerry Mina,Everton,Center Back,27,2021/22,hamstring injury,8-Feb-22,11-Apr-22
Yerry Mina,Everton,Center Back,27,2022/23,ankle injury,6-Aug-22,31-Oct-22
Mason Holgate,Everton,Center Back,22,2019/20,calf injury,7-Jul-20,15-Jul-20
Mason Holgate,Everton,Center Back,22,2020/21,ankle injury,18-Sep-20,6-Nov-20
Mason Holgate,Everton,Center Back,24,2022/23,knee injury,27-Aug-22,16-Oct-22
Lucas Digne,Everton,Left Back,26,2019/20,calf injury,9-Feb-20,7-Mar-20
Lucas Digne,Everton,Left Back,27,2020/21,ankle injury,26-Nov-20,11-Jan-21
Djibril Sidibé,Everton,Right Back,27,2019/20,unknown injury,15-Dec-19,18-Dec-19
Djibril Sidibé,Everton,Right Back,27,2019/20,foot injury,21-Jun-20,1-Jul-20
Séamus Coleman,Everton,Right Back,30,2019/20,hamstring injury,24-Nov-19,14-Dec-19
Séamus Coleman,Everton,Right Back,30,2019/20,hamstring strain,2-Mar-20,14-Jun-20
Séamus Coleman,Everton,Right Back,31,2020/21,muscle injury,17-Oct-20,18-Dec-20
Séamus Coleman,Everton,Right Back,31,2021/22,hamstring injury,17-Sep-21,15-Oct-21
Séamus Coleman,Everton,Right Back,33,2022/23,knee injury,1-May-23,23-Nov-23
Jean-Philippe Gbamin,Everton,Defensive Midfielder,24,2019/20,"hamstring injury, archilles tendon rupture and inner ligament injury",18-Aug-19,30-Jun-21
Morgan Schneiderlin,Everton,Defensive Midfielder,29,2019/20,calf strain,8-Dec-19,4-Jan-20
Morgan Schneiderlin,Everton,Defensive Midfielder,29,2019/20,knee injury,24-Feb-20,22-Aug-20
André Gomes,Everton,Central Midfielder,26,2019/20,bruised ribs,2-Sep-19,4-Oct-19
André Gomes,Everton,Central Midfielder,26,2019/20,ankle injury,4-Nov-19,21-Feb-20
André Gomes,Everton,Central Midfielder,27,2020/21,bruise,27-Sep-20,16-Oct-20
André Gomes,Everton,Central Midfielder,28,2021/22,calf injury,21-Sep-21,5-Dec-21
André Gomes,Everton,Central Midfielder,29,2023/24,fitness,13-Aug-23,3-Dec-23
Tom Davies,Everton,Central Midfielder,21,2019/20,ill,30-Jan-20,4-Feb-20
Tom Davies,Everton,Central Midfielder,22,2020/21,bruise,28-Oct-20,4-Nov-20
Tom Davies,Everton,Central Midfielder,23,2021/22,knee injury,19-Nov-21,30-Jun-22
Fabian Delph,Everton,Central Midfielder,28,2019/20,calf injury,3-Aug-19,31-Aug-19
Fabian Delph,Everton,Central Midfielder,28,2019/20,muscle injury,6-Oct-19,24-Oct-19
Fabian Delph,Everton,Central Midfielder,28,2019/20,muscle injury,4-Nov-19,20-Dec-19
Fabian Delph,Everton,Central Midfielder,29,2019/20,calf injury,2-Jun-20,23-Sep-20
Fabian Delph,Everton,Central Midfielder,29,2020/21,bruise,2-Nov-20,27-Nov-20
Fabian Delph,Everton,Central Midfielder,30,2020/21,hamstring injury,6-Dec-20,3-Feb-21
Fabian Delph,Everton,Central Midfielder,30,2021/22,shoulder injury,27-Aug-21,25-Oct-21
Fabian Delph,Everton,Central Midfielder,31,2021/22,hamstring injury,21-Jan-22,5-Apr-22
Gylfi Sigurdsson,Everton,Attacking Midfielder,30,2019/20,knock,8-Dec-19,20-Dec-19
Gylfi Sigurdsson,Everton,Attacking Midfielder,30,2019/20,groin injury,12-Jan-20,31-Jan-20
Alex Iwobi,Everton,Left winger,23,2019/20,hamstring injury,23-Dec-19,27-Jan-20
Alex Iwobi,Everton,Left winger,25,2021/22,calf injury,1-Oct-21,13-Oct-21
Alex Iwobi,Everton,Left winger,27,2023/24,hamstring injury,20-Aug-23,15-Sep-23
Bernard,Everton,Left winger,27,2019/20,ill,26-Sep-19,4-Oct-19
Bernard,Everton,Left winger,27,2019/20,knee injury,27-Oct-19,30-Nov-19
Bernard,Everton,Left winger,27,2019/20,knee injury,1-Jan-20,4-Jan-20
Anthony Gordon,Everton,Left winger,21,2022/23,ill,29-Dec-22,4-Jan-23
Theo Walcott,Everton,Right winger,30,2019/20,head injury,9-Sep-19,18-Oct-19
Theo Walcott,Everton,Right winger,30,2019/20,knock,24-Nov-19,4-Dec-19
Theo Walcott,Everton,Right winger,30,2019/20,calf strain,8-Dec-19,25-Dec-19
Theo Walcott,Everton,Right winger,30,2019/20,knee injury,9-Feb-20,28-Feb-20
Theo Walcott,Everton,Right winger,31,2019/20,abdominal muscle strain,8-Jun-20,8-Jul-20
Richarlison,Everton,Center Forward,22,2019/20,knee injury,12-Jan-20,30-Jan-20
Richarlison,Everton,Center Forward,23,2020/21,head injury,5-Dec-20,31-Dec-20
Richarlison,Everton,Center Forward,24,2021/22,knee injury,13-Sep-21,22-Oct-21
Richarlison,Everton,Center Forward,24,2021/22,calf injury,12-Dec-21,12-Jan-22
Moise Kean,Everton,Center Forward,20,2019/20,knee injury,17-Jul-20,25-Jul-20
Dominic Calvert-Lewin,Everton,Center Forward,23,2020/21,muscle injury,2-Jan-21,26-Jan-21
Dominic Calvert-Lewin,Everton,Center Forward,23,2020/21,hamstring injury,11-Feb-21,19-Feb-21
Dominic Calvert-Lewin,Everton,Center Forward,24,2021/22,broken toe,28-Aug-21,31-Dec-21
Dominic Calvert-Lewin,Everton,Center Forward,25,2021/22,hamstring injury,12-Apr-22,30-Apr-22
Dominic Calvert-Lewin,Everton,Center Forward,25,2022/23,knee injury,4-Aug-22,3-Oct-22
Dominic Calvert-Lewin,Everton,Center Forward,25,2022/23,hamstring injury,5-Nov-22,28-Dec-22
Dominic Calvert-Lewin,Everton,Center Forward,25,2022/23,hamstring injury,4-Feb-23,20-Apr-23
Dominic Calvert-Lewin,Everton,Center Forward,26,2022/23,hamstring injury,20-May-23,20-Jun-23
Dominic Calvert-Lewin,Everton,Center Forward,26,2023/24,fitness and broken cheekbone,1-Aug-23,14-Sep-23
Dominic Calvert-Lewin,Everton,Center Forward,27,2023/24,ill,25-Apr-24,1-May-24
Cenk Tosun,Everton,Center Forward,28,2019/20,groin injury,18-Oct-19,27-Oct-19
Cenk Tosun,Everton,Center Forward,28,2019/20,cruciate ligament surgery,2-Mar-20,26-Oct-20
Ben Godfrey,Everton,Center Back,22,2020/21,hamstring injury,26-Oct-20,6-Nov-20
Ben Godfrey,Everton,Center Back,24,2022/23,broken fibula,6-Aug-22,5-Nov-22
Ben Godfrey,Everton,Center Back,25,2022/23,adductor injury,30-Apr-23,30-May-23
Allan,Everton,Defensive Midfielder,29,2020/21,groin injury,2-Oct-20,16-Oct-20
Allan,Everton,Defensive Midfielder,29,2020/21,muscle injury,17-Dec-20,13-Feb-21
Abdoulaye Doucouré,Everton,Central Midfielder,28,2020/21,foot injury,4-Mar-21,7-May-21
Abdoulaye Doucouré,Everton,Central Midfielder,28,2021/22,stress reaction of the bone,17-Oct-21,28-Nov-21
Abdoulaye Doucouré,Everton,Central Midfielder,29,2022/23,hamstring injury,13-Aug-22,3-Oct-22
Abdoulaye Doucouré,Everton,Central Midfielder,30,2023/24,thigh problems,17-Dec-23,12-Jan-24
James Rodríguez,Everton,Attacking Midfielder,29,2020/21,groin injury,26-Oct-20,6-Nov-20
James Rodríguez,Everton,Attacking Midfielder,29,2020/21,calf strain,6-Dec-20,31-Dec-20
James Rodríguez,Everton,Attacking Midfielder,29,2020/21,calf injury,22-Feb-21,1-Apr-21
James Rodríguez,Everton,Attacking Midfielder,29,2020/21,calf injury,1-May-21,14-May-21
Vitaliy Mykolenko,Everton,Left Back,22,2021/22,Coronavirus,7-Feb-22,16-Feb-22
Vitaliy Mykolenko,Everton,Left Back,22,2022/23,muscle fatigue,13-May-23,5-Jun-23
Vitaliy Mykolenko,Everton,Left Back,24,2023/24,groin injury,15-Dec-23,22-Dec-23
Vitaliy Mykolenko,Everton,Left Back,24,2023/24,cold,28-Mar-24,1-Apr-24
Vitaliy Mykolenko,Everton,Left Back,24,2023/24,ankle injury,25-Apr-24,4-Jun-24
Nathan Patterson,Everton,Right Back,19,2022/23,ankle injury,21-Sep-22,26-Oct-22
Nathan Patterson,Everton,Right Back,20,2023/24,hamstring injury,15-Apr-24,11-Jun-24
Donny van de Beek,Everton,Central Midfielder,24,2021/22,thigh problems,31-Mar-22,16-May-22
Andros Townsend,Everton,Right winger,30,2021/22,broken foot,14-Dec-21,6-Jan-22
Amadou Onana,Everton,Defensive Midfielder,21,2022/23,leg injury,14-Apr-23,24-Apr-23
Amadou Onana,Everton,Defensive Midfielder,22,2023/24,calf injury,11-Nov-23,8-Dec-23
James Garner,Everton,Defensive Midfielder,21,2022/23,back injury,12-Nov-22,9-Feb-23
Dwight McNeil,Everton,Left winger,23,2023/24,ankle injury,29-Jul-23,1-Sep-23
Ashley Young,Everton,Left Back,38,2023/24,muscle injury,11-Dec-23,25-Jan-24
Jack Harrison,Everton,Right winger,26,2023/24,hip injury,1-Jul-23,21-Sep-23
Beto,Everton,Center Forward,25,2023/24,knee injury,23-Nov-23,28-Nov-23
